,shapeGroup,shapeName,Precipitation,Temperature,Viirs_Average,Viirs_Cloud_Coverage_Count,Viirs_Cloud_Coverage_Sum,PM2.5AirPollution,OzoneAirPollution,Population,supprimer,Year
0,NER,Tahoua/Agadez,9.96361704548,27.9274155898,0.000806093307878,3576724.34024,3576171.26466,47.3611962526,47.6777751943,3788286.51654,894316.586426,2012
1,NER,Dossa,55.5556456157,29.5180750327,0.00231274337763,153317.480774,153183.13916,32.6552805268,51.2755789673,2079699.21094,38362.9892578,2012
2,NER,Niamey,53.934487603,29.8574676735,2.46243236425,2285.75976562,2272.5300293,31.6937689059,51.1421656795,955338.375,574.760009766,2012
3,NER,Tillaberi,50.3468602874,29.885601001,0.00134193824413,438911.772186,438658.40625,31.830256213,49.4439688904,2773108.1897,109791.139755,2012
4,NER,Maradi,45.5610653467,29.0821508127,0.00377527788466,190083.78787,189949.901815,40.0082784181,53.4571851689,3380093.59375,47554.6605225,2012
5,NER,Zinder/Diffa,32.4401589843,28.4266730075,0.00721035262917,1426540.61473,1426156.47429,53.8373704538,52.0363364361,4121414.08228,356728.593674,2012
0,MLI,Bamako,96.0447916526,27.0729166712,9.06924861701,1188.15002441,1177.75,26.816927099,50.6315927459,2073381.125,299.58001709,2012
1,MLI,Gao,26.8739699855,29.8789497276,8.73293314e-06,872343.574287,872072.258995,37.6704648493,46.8950248346,621480.661728,218151.976103,2012
2,MLI,Kayes,82.3101456577,28.623940998,0.00428559573194,590723.906067,590415.349152,38.1943380279,47.644564935,2218732.31512,147429.001541,2012
3,MLI,Kidal,6.93886847656,29.0200943471,0.000285148818452,744464.852406,744184.012672,53.9639358895,47.7435682673,81250.9941711,186188.27124,2012
4,MLI,Koulikouro,69.9080533324,27.811378681,0.00931835454336,435992.194809,435670.566193,35.4634771664,49.0142573357,2852174.4375,109068.57489,2012
5,MLI,Mopti,60.0983105868,28.8408757141,0.00196556084827,383182.400848,382935.066254,40.8152763852,47.7058886878,2241874.09375,95817.2055664,2012
6,MLI,Segou,65.8106330595,28.2349072704,0.00512776064464,298759.081207,298542.653,33.7897369068,48.7305426504,2585643.05469,74742.4912109,2012
7,MLI,Sikasso,100.27574714,27.1620242659,0.00665190578236,342550.523868,342236.320195,26.0298844995,54.5668566467,2968093.39062,85509.9804688,2012
8,MLI,Tombouctou,13.5974237785,28.7010786111,1.31733862303e-05,2486311.79001,2485819.48661,105.346221782,47.3454627724,765708.681313,621682.012207,2012
0,NGA,Sokoto,53.8767769406,29.0006622084,0.0291298804824,149187.070007,149014.309692,35.882310584,52.5245707505,4468820.46094,37295.7321777,2012
1,NGA,Gombe,94.755223662,26.8635147069,0.0445466312375,79216.0458984,79122.4003906,34.2198010868,57.6197738198,2614612.5,19716.21875,2012
2,NGA,Adamawa,114.107995116,26.3414395839,0.00569633921741,189531.439209,189345.793457,29.7597822936,63.4757662137,4093871.9375,47373.6401367,2012
3,NGA,Zamfara,78.2839740745,27.7417373351,0.0139490405068,164158.659576,163997.339447,33.5491611378,54.7707314911,3947312.37207,41078.9839401,2012
4,NGA,Yobe,65.0987225078,27.5552846837,0.0052636291431,219176.711444,219000.134273,45.3615309297,56.1956236616,2897892.10938,54821.449707,2012
5,NGA,Borno,63.6127817347,27.7204362724,0.00535531699666,345107.815552,344886.331787,40.5621486835,55.0470314742,5209375.1875,86305.8769531,2012
6,NGA,Akwa Ibom,205.301692399,26.42304853,0.432662395287,32265.0817871,32208.9008789,17.9244322938,68.4877724047,4760262.0,8041.05957031,2012
7,NGA,Bauchi,108.137767069,26.5767092386,0.0124849682702,236385.909454,236158.149101,37.097252166,57.694123344,5636665.5,59153.0102539,2012
8,NGA,Ogun,126.011204396,27.0313267427,0.182932170421,78703.6812353,78560.2509718,21.3657459013,77.5034103001,5066880.5,19710.5097656,2012
9,NGA,Niger,106.294685927,27.6741405657,0.0217553883147,337252.50153,336967.054863,30.8467028332,70.2477564842,4770619.01678,83771.5409384,2012
10,NGA,Anambra,142.683982798,27.5375013157,0.186453958397,22220.3300781,22167.9589844,25.9049207972,75.1231144523,4881214.0,5567.49023438,2012
11,NGA,Kano,105.617461242,26.7829198955,0.0922917101393,96773.2001343,96640.0216675,41.7038143221,56.3902856696,11417634.0,24090.7304688,2012
12,NGA,Nasarawa,131.978029962,26.5487266735,0.0190279503835,124333.999023,124193.588867,29.6062043257,71.9473073443,2187735.6875,31118.7509766,2012
13,NGA,Kebbi,81.2750724859,28.4302191111,0.0162906880178,177937.972656,177699.670898,31.0400461749,56.6077411851,3805706.26562,43823.9597168,2012
14,NGA,Kaduna,136.601078243,25.5624624099,0.0735148463828,214478.190918,214284.410156,33.6471151796,61.4724329362,7459782.4375,53634.0571289,2012
15,NGA,Katsina,84.0715239726,27.1721354981,0.036993502266,116188.556396,116044.496582,38.5560294692,55.7285648628,6988567.57812,29059.6501465,2012
16,NGA,Plateau,130.748619617,25.7212853334,0.0386566235699,123471.141479,123341.411255,30.3415468999,65.000543844,3735723.04883,30900.0196533,2012
17,NGA,Edo,147.511803285,26.5075846471,0.525547506229,92249.3896484,92129.1904297,18.6701706474,74.7985624107,3953843.5,23091.9199219,2012
18,NGA,Oyo,93.9030055469,26.869808875,0.0621234524951,130794.812538,130669.649815,27.5845709603,77.8384996868,6752097.13623,32720.4894905,2012
19,NGA,Jigawa,81.7563485315,27.5764487275,0.0255961257942,112368.411102,112180.990707,48.2255858483,57.3506767336,5010645.03711,28138.7783203,2012
20,NGA,Cross River,173.836642481,27.1914462673,0.0162391331525,98984.2597656,98866.7001953,21.177639997,69.818205536,3193998.75,24732.8903809,2012
21,NGA,Taraba,115.46935676,27.0896681918,0.0019086452329,277984.461258,277778.778625,26.7620255966,69.5927494918,2669893.5625,69547.1396484,2012
22,NGA,Rivers,201.532171171,27.1864032893,2.90569498347,45543.1912231,45405.2705688,14.4943934518,69.1293740968,6240592.0,11378.0605469,2012
23,NGA,Ekiti,99.502903409,25.9299473824,0.0542373200397,27346.0,27295.8378906,22.4005510455,77.6162688592,2942037.75,6848.85009766,2012
24,NGA,Benue,114.35087434,27.2591232747,0.0191021040601,145346.890625,145208.359375,23.5414854063,73.5616086015,4979806.375,36370.9980469,2012
25,NGA,Delta,201.362756848,26.7925513397,1.58856277838,80008.6201172,79871.1279297,15.6365137093,71.6317784541,4913587.5,19947.0,2012
26,NGA,Ondo,134.35511067,26.5962235645,0.0567902527974,71040.4816356,70923.8399315,19.0061923539,76.0350927862,4187708.25,17777.6425781,2012
27,NGA,Osun,98.9935786343,26.3905265486,0.147345893167,40283.4135437,40215.9280701,21.3741785546,77.9789380004,3979143.0,10088.0703125,2012
28,NGA,Kwara,96.158799714,27.2669964086,0.0315256197054,158515.507614,158334.406174,28.3359273844,77.9262818408,2764009.28906,39616.2092896,2012
29,NGA,Imo,171.426041903,27.2797395102,1.35328955261,24179.6308594,24137.8984375,20.9495307441,72.7976847903,4742630.0,6055.16992188,2012
30,NGA,Kogi,105.316000546,27.4341079915,0.030719936029,137024.175293,136866.321777,23.4901386611,77.2088387758,3789309.39844,34280.1601562,2012
31,NGA,Abia,171.273610337,27.2150625185,0.147305167998,22611.8393555,22544.0698242,21.3139956652,71.5951258452,3369329.5,5669.9296875,2012
32,NGA,Fct,129.7198748,26.9647569463,0.646449549453,36129.9068127,36079.5605803,28.7566463914,73.7310651775,2458760.25,9045.6796875,2012
33,NGA,Bayelsa,243.4531541,26.6597233419,1.38648290408,44172.6411133,44092.8007812,12.9589541031,66.757311027,1979999.375,11028.9501953,2012
34,NGA,Enugu,132.062582292,27.1322416763,0.160803888457,35975.5406494,35909.4685059,23.3894820489,75.8998464971,3813229.5,9010.29980469,2012
35,NGA,Lagos,150.754261379,26.8605113619,2.54878999012,17805.9414062,17747.7207031,21.5049037748,78.8485643131,10542270.0,3939.39013672,2012
36,NGA,Ebonyi,141.313197465,27.1860027796,0.0260842968492,30603.7709885,30537.1996765,22.1849189253,73.0087824242,2674024.0,7667.50976562,2012
0,TGO,Savanes Region,97.9467889905,28.6918247771,0.00821289548892,41289.6206055,41206.588623,29.5123785022,64.3608153457,893362.8125,10343.0,2012
1,TGO,Kara Region,115.241869806,27.0045150191,0.0149093919786,54639.9372559,54541.6936035,29.8797005954,74.1610833778,796363.125,13683.8808594,2012
2,TGO,Centrale Region,116.301355038,26.3604312892,0.00671749226003,62702.7802734,62614.6816406,26.4689240036,78.5090318077,661265.3125,15697.7402344,2012
3,TGO,Plateaux Region,97.5508486668,26.5585596703,0.00703754915384,81204.9233398,81111.0595703,22.0457056283,75.0204393409,1439760.5,20303.1210938,2012
4,TGO,Maritime Region,85.0363011324,27.5626362974,0.239184412666,29811.8588867,29754.0991211,20.8051364604,71.8092191818,2661985.75,7441.43017578,2012
0,GIN,Boke,169.612939002,27.3529080622,0.00766298350111,163525.73877,163264.536804,31.2231027807,55.8888114668,1043062.54688,40899.2285156,2012
1,GIN,Conakry,227.683333333,26.0583333333,1.72843021747,2091.11010742,2069.2199707,27.768503456,57.8150846771,1535212.25,521.309997559,2012
2,GIN,Faranah,138.199167131,25.4866865147,0.000550435740732,170058.763674,169815.959845,30.1863287037,60.5591457804,892074.39209,42573.0410156,2012
3,GIN,Kankan,133.397881332,25.7431047678,0.00362805793405,341635.41114,341378.612385,30.45006993,61.6622663148,1823578.76044,85463.9520731,2012
4,GIN,Kindia,178.712213975,26.4134868932,0.00688116666355,122010.748789,121834.621602,23.1433837947,56.8693651207,1464203.03101,30536.669209,2012
5,GIN,Labe,135.617183524,25.3126880547,0.00121738451631,108595.558685,108478.479031,28.9099322347,55.8491873372,970952.5,27174.6796875,2012
6,GIN,Mamou,139.504589959,24.3138976033,0.00468867007394,84745.8813477,84633.0180664,23.9843536737,58.4790836989,714817.125,21213.7402344,2012
7,GIN,Nzerekore,173.148359205,24.4398188091,0.00176526063069,173211.19751,172984.77417,20.4160558031,65.2910551903,1545295.55469,43359.2427979,2012
0,GNB,Bissau,,,0.549357563227,907.640014648,899.109985352,26.0271690318,51.5457836966,384289.34375,116.940002441,2012
1,GNB,Bafatá,129.88874564376135,27.50396381833823,0.000240993144586,28729.609375,28655.7382812,31.7368247751,53.9567172796,215450.484375,7185.95996094,2012
2,GNB,Biombo,126.075,27.441666666666663,0.0124176181112,4124.53027344,4104.99023438,27.3834120994,51.24035288,120788.75,962.720031738,2012
3,GNB,Bolama,186.44236185277543,26.537627707389586,0.0,6588.20996094,6354.80029297,28.601317768,51.7211260805,28804.7207031,1674.62011719,2012
4,GNB,Cacheu,125.79028658434906,27.44721174905901,0.000168680603323,24863.1408691,24800.880127,28.6373609178,49.9629954542,197589.859375,5920.04980469,2012
5,GNB,Gabu,121.6404963719754,27.254333944433284,0.000117773367589,43623.2373047,43534.1479492,35.8821906217,55.0531716696,220405.0625,10926.0996094,2012
6,GNB,Oio,129.8482964424843,27.54755623822532,3.85073164122e-05,27219.0585938,27163.9609375,30.2804847021,51.3436871574,228222.5,6590.5703125,2012
7,GNB,Quinara,186.3388886879474,27.326767475930463,0.0,15505.0791016,15454.0898438,27.800685511,53.3362886824,59999.6171875,3545.59008789,2012
8,GNB,Tombali,191.85446755145537,27.386734307498045,0.000286076265184,17728.8398438,17674.9199219,27.9343029243,54.5995925626,94057.4296875,4277.45996094,2012
0,LBR,Bomi,236.363372021,25.6061046523,0.00146589015197,9028.86035156,8992.41113281,23.6337569266,54.1770411105,87312.484375,2266.4699707,2012
1,LBR,Bong,166.211968957,25.6056129933,0.00190481264893,41117.24086,41027.2099304,17.6672015241,55.9856092334,350610.65625,10301.7304688,2012
2,LBR,Gbarpolu,175.06254408,25.4261482286,6.64832266229e-05,46506.1293359,46420.9919141,25.5558195199,56.3881587583,92498.1171875,11647.7792969,2012
3,LBR,Grand Bassa,214.417522882,25.9119246738,0.00674416660434,37026.3112793,36940.5283203,15.984735917,54.3320133017,231449.59375,9276.49023438,2012
4,LBR,Grand Cape Mount,218.960104465,25.7520092359,0.000100803492139,22337.7499962,22275.1886063,23.6469326642,55.3038158126,143384.46875,5598.35986328,2012
5,LBR,Grand Gedeh,151.506958368,26.296506892,0.00102892700785,50590.9820557,50493.9277954,23.0471691869,55.2796089398,140556.203125,12672.2402344,2012
6,LBR,Grand Kru,202.250858499,25.2616167656,0.0,18132.5195312,18088.46875,20.2057195619,53.1399377482,56945.4648438,4543.80029297,2012
7,LBR,Lofa,193.629603324,24.5482713581,0.000517604120331,46739.4282227,46639.9689941,22.647048641,60.0695979649,300562.03125,11709.4003906,2012
8,LBR,Margibi,213.634476056,26.232093494,0.0389795528743,12089.640625,12036.0800781,17.3090868003,54.1271138373,233530.015625,3035.7199707,2012
9,LBR,Maryland,191.337486588,25.1405297433,0.00226294862302,10707.5800781,10665.0400391,16.6095963945,53.1809767156,146724.4375,2687.77978516,2012
10,LBR,Montserrado,223.297715223,26.0050940859,0.150232350002,8797.63085938,8744.80957031,17.8523007994,53.7955022817,1100892.5,2211.95996094,2012
11,LBR,Nimba,152.887556953,25.6604180648,0.0017935997329,53945.1479568,53842.318058,19.2602356788,57.2109981606,488560.09375,13511.9199219,2012
12,LBR,River Gee,182.377796772,25.5555520023,0.000170975531882,23811.3007812,23749.9902344,17.9920858106,54.1149786342,73559.5390625,5967.86962891,2012
13,LBR,Rivercess,203.35893236,25.8634173774,0.0,26086.8789062,26022.6699219,12.7921276871,53.6729943154,78449.234375,6537.79052734,2012
14,LBR,Sinoe,227.547263517,25.5258604531,0.000401335666281,45472.8093262,45403.1600342,18.4609153141,53.0976338255,109051.9375,11385.8398438,2012
0,SLE,Southern,198.981293589,26.3857150638,0.00147473171354,95473.1290894,95291.2891541,20.1322575641,56.8812867092,1301711.625,23902.2480469,2012
1,SLE,Eastern,175.632507484,25.6107115059,0.00413314413817,74258.9509277,74137.6126709,21.4569809354,58.1338907916,1325076.875,18595.21875,2012
2,SLE,Western Area,201.75,26.7083333333,0.270284764495,3275.56005859,3247.8203125,24.0862135412,58.149435531,1071919.25,825.33996582,2012
3,SLE,Northern,176.444179945,26.3690919767,0.00392478097166,171057.810059,170863.036621,22.97867351,59.0216315355,1993349.46875,42796.2685547,2012
0,BEN,Alibori,94.34614944005682,28.66467838442617,0.00134162024414,126223.022202,126117.910782,30.0314535015,58.0932923501,829144.1875,31581.7382812,2012
1,BEN,Borgou,113.3927694075895,26.981347744410808,0.00845091083621,123690.443886,123579.085693,29.9139314621,71.1778052528,1155924.81348,30949.8393841,2012
2,BEN,Atakora,99.4059697993638,28.044373215692527,0.00412420118272,99567.0976562,99463.8994141,29.6642290677,63.233167377,813741.0625,24917.6191406,2012
3,BEN,Donga,111.92918662632226,26.72205146679365,0.0067533220825,51530.2109375,51461.6601562,31.5689777533,75.0686102698,518677.09375,12900.7998047,2012
4,BEN,Collines,93.19337046339643,27.10508812987478,0.00413131071754,66975.7133789,66901.7185059,28.823494659,77.0188386753,697355.125,16761.6796875,2012
5,BEN,Plateau,101.63996115829896,27.33495296748056,0.0146307409114,14658.9199219,14614.7001953,22.9556817882,75.0931758139,571426.5,3675.25976562,2012
6,BEN,Zou,95.24817786278254,27.587947756935723,0.0332863892228,24505.7402344,24465.8007812,23.8979390311,75.0880522037,825888.625,6136.90039062,2012
7,BEN,Kouffo,94.16697170558756,27.591663407946893,0.0148620814965,10071.4101562,10034.7597656,23.8512092235,74.1457175125,604052.8125,2527.0,2012
8,BEN,Atlantique,97.89791667871012,27.549404761716016,0.213902667933,14682.4101562,14651.6904297,22.0138869291,72.676158176,1175291.25,3563.2800293,2012
9,BEN,Littoral,,,10.5506402744,344.020019531,337.679992676,19.9015005782,71.8601368045,763033.25,87.5699996948,2012
10,BEN,Mono,85.26963275060731,27.74731638445904,0.070300652663,9094.12011719,9057.91992188,21.9821629366,72.5233874255,589499.9375,2219.43994141,2012
11,BEN,Ouémé,105.92083322545514,27.42430555723711,0.474066320498,6282.25,6256.91992188,23.590952885,73.1708537854,1027137.5,1531.52001953,2012
0,BFA,Centre,83.1283165882,28.7349047769,0.956348062172,13779.5595703,13734.6103516,27.8039189449,50.9480412505,2520504.5,3456.08007812,2012
1,BFA,Boucle du Mouhoun,80.4344954328,28.4172208172,0.00487365797861,165693.285156,165510.396362,28.0223931085,50.5273416085,1635471.21484,41458.2108154,2012
2,BFA,Cascades,105.283003465,27.5403786176,0.00512871340791,88442.5957031,88317.2412109,25.4189417524,60.7933253083,723478.5625,22141.8398438,2012
3,BFA,Centre-Est,83.0947532898,28.819795497,0.0106420871519,70294.0722656,70176.4904785,25.7506322904,55.27559069,1350937.625,17552.0605469,2012
4,BFA,Centre-Nord,68.0297213879,28.9375777654,0.00731317956423,94611.5498047,94502.6884766,31.9026548121,50.0677339844,1406673.875,23678.2011719,2012
5,BFA,Centre-Ouest,82.8333759876,28.2786507193,0.00978592611573,104415.443558,104272.144073,28.2700711323,53.4879903319,1397963.75,26139.640625,2012
6,BFA,Centre-Sud,86.6186229821,28.4674541713,0.00462330737222,55060.940918,54961.090332,26.9465151874,55.1443900552,728655.5,13727.9296875,2012
7,BFA,Est,74.2955050676,28.9910994898,0.00232080382674,223000.843321,222814.936029,27.8348685362,52.8681946314,1504981.82031,55739.9174805,2012
8,BFA,Hauts-Bassins,93.1256535408,27.5314780744,0.0345298802391,122370.064575,122217.230835,25.5923135647,54.8418238073,1832655.6875,30629.8486328,2012
9,BFA,Nord,75.1888349988,28.8851915095,0.00804253851112,78994.2802734,78891.5449219,33.4456812574,49.4091193923,1333607.375,19763.9707031,2012
10,BFA,Plateau Central,80.4826274114,28.6440166594,0.0085094306605,41304.8790283,41203.770752,27.0866889834,50.857074628,785168.9375,10351.0195312,2012
11,BFA,Sahel,56.0055196451,29.6216684212,0.00424899524178,174510.927002,174345.167725,36.609725332,49.0317503583,1153798.87891,43668.9382324,2012
12,BFA,Sud-Ouest,90.2573901368,27.6022637545,0.00365330924963,77838.2597046,77722.3005371,27.4984659068,61.4410533413,731011.9375,19488.7089844,2012
0,CIV,Bas-Sassandra,111.170639999,25.8948423469,0.0293570597629,132830.353516,132690.60498,17.9420707884,55.6871750591,2151760.72656,33163.3708496,2012
1,CIV,Denguele,125.000193893,26.138681354,0.00688711975828,98775.8881164,98643.3402209,26.3039685098,65.5557707093,271520.125,24727.109375,2012
2,CIV,District Autonome D'Abidjan,127.211412079,26.8066861034,2.41711983266,10088.9599609,10055.2207031,16.3992523641,57.7539603804,4466491.5,2476.86010742,2012
3,CIV,District Autonome De Yamoussoukro,103.118290551,26.4627066553,0.635166519036,9782.2890625,9751.37988281,17.3461508407,63.4459894241,339853.4375,2441.89013672,2012
4,CIV,Goh-Djiboua,107.949398183,26.2697338471,0.0881063402111,73843.7490234,73747.0512695,15.0055453633,58.9276934067,1518978.5,18456.4902344,2012
5,CIV,Lacs,90.175814796,27.0419586432,0.050405668471,123020.239785,122872.629795,16.8418700146,65.0657598754,1198654.66429,30703.3279591,2012
6,CIV,Montagnes,139.724410803,25.4532387623,0.0130050324108,144606.432617,144447.019287,18.9630203203,59.67881181,2236922.57031,36177.1293945,2012
7,CIV,Sassandra-Marahoue,115.831298013,25.9676711797,0.0507372144118,112664.632812,112559.115234,19.0929774807,62.2441228986,2172405.75,28080.8203125,2012
8,CIV,Savanes,112.839445081,27.0707304896,0.0326518132241,190434.554688,190193.130493,27.680036723,65.7835683314,1502310.79395,47668.8128662,2012
9,CIV,Valle Du Bandama,99.4987319901,26.7218461702,0.0370987865335,133814.413982,133653.794477,23.9755240465,68.0937126565,1387714.63291,33457.6300297,2012
10,CIV,Woroba,120.415090715,25.8567153075,0.00855738207119,146744.408997,146548.888611,24.3332737361,65.8762512203,791174.875,36735.8574219,2012
11,CIV,Zanzan,93.9973716326,26.873688895,0.01011573637,180864.632812,180700.786743,26.7682659953,70.5240091582,900724.65625,45257.0087891,2012
12,CIV,Lagunes,100.999775792,26.8512030482,0.0565376587266,96986.4418945,96829.5788574,15.7943769282,60.0255443115,1434767.5,24018.6601562,2012
13,CIV,Comoe,103.095969109,26.6741656045,0.0700188087689,65952.927002,65814.2583008,20.1418279157,62.626087482,1147743.5,16165.6796875,2012
0,GMB,Central River,74.1080056491,28.5840231589,0.000375279761827,14416.9804688,14374.4794922,34.794433969,46.2656037434,217339.75,3615.08984375,2012
1,GMB,Western Division,107.695421165,26.4596153815,0.215494146075,9083.49023438,9038.51953125,33.4999555289,46.5824272296,716715.3125,2226.75,2012
2,GMB,Greater Banjul Area,113.175,26.2333333333,3.69924154495,410.130004883,404.270019531,34.7603663982,45.8700027466,297989.25,93.6499938965,2012
3,GMB,North Bank Division,92.0926227292,27.2030431716,0.000138582062803,10405.2597656,10375.2802734,34.8464482879,45.9406631014,211841.359375,2565.67993164,2012
4,GMB,Lower River,95.6769728341,27.405874159,0.000372260854493,7221.90966797,7176.07958984,33.5713490485,46.3190218773,78800.3125,1796.34997559,2012
5,GMB,Upper River,79.5011685732,28.764391287,0.00128803738131,9717.54003906,9687.109375,34.531233769,47.7120138063,226400.5625,2436.98999023,2012
0,GHA,Western North Region,104.013959067,26.3237688321,0.032581506,48415.5773726,48332.4696474,23.2445262717,64.0334997869,752426.75,12124.8203125,2012
1,GHA,Ahafo Region,102.444264257,26.3152638196,0.0542392299191,23843.3386993,23783.2799072,20.4537509482,66.7907574576,484254.75,5976.45019531,2012
2,GHA,Bono East Region,110.54966115,27.5090832753,0.0129924242477,109476.660156,109328.411621,26.3654167288,73.2796083996,935512.46875,26747.6083984,2012
3,GHA,Savannah Region,96.9114181231,27.8401636588,0.00614570855692,166309.196838,166096.151855,28.7775668649,74.6197359773,537502.691895,41258.7102051,2012
4,GHA,North East Region,95.1382914971,28.5763277383,0.017152498822,44061.9291992,43937.3720703,27.7698633246,65.4611668879,513314.75,11046.0195312,2012
5,GHA,Oti Region,107.928055191,27.4110836253,0.00847620080517,52202.6530762,52095.5998535,25.4335852852,76.6728942215,644216.25,11775.7607422,2012
6,GHA,Western Region,101.409306031,26.5645970851,0.144211184857,65198.90625,65104.1123047,23.8198420864,60.5847821285,1703839.5,16301.5595703,2012
7,GHA,Eastern Region,109.019341112,26.9726744185,0.0914603050806,88038.8535156,87949.8291016,22.4770977788,67.7733908142,2713282.25,20454.9609375,2012
8,GHA,Northern Region,99.7731596074,28.2304431729,0.0383727228885,116424.214569,116227.612976,29.2305731806,73.8748951401,1599578.84375,29132.0406494,2012
9,GHA,Central Region,92.8460514182,26.6997347305,0.181267847554,47173.230957,47075.5493164,22.1670513977,62.091064486,2352551.0,11817.0195312,2012
10,GHA,Ashanti Region,110.674725278,26.6947903149,0.196707061275,115828.571777,115677.171387,24.3432207281,67.6835293626,5117349.82227,28953.5327148,2012
11,GHA,Bono Region,98.6867065101,26.5944432958,0.0525211889451,55077.0378418,54983.8604431,24.2930572917,69.5119256018,979234.625,13791.9091797,2012
12,GHA,Volta Region,101.708287331,27.3300946899,0.0995839305811,48727.7495117,48639.690918,21.6653022592,69.9529606545,1761127.0,11508.8994141,2012
13,GHA,Upper West Region,88.5090976619,27.7748948314,0.0167543218749,92748.0527344,92651.9287109,28.6927154502,63.5052907849,730639.375,23210.0507812,2012
14,GHA,Upper East Region,89.6456259309,28.573404382,0.0389157571779,41412.2705078,41322.171875,26.640837598,61.5625188964,1074938.625,10371.6289062,2012
15,GHA,Greater Accra Region,71.4495414292,27.0364855098,3.31424253068,15111.0205078,15063.4990234,23.1744104045,64.7301256534,4200039.0,3780.43017578,2012
0,SEN,Dakar,65.275,25.5416666667,5.26431147654,2652.9699707,2630.57006836,37.9554210141,42.9345451049,2832025.5,668.719970703,2012
1,SEN,Diourbel,62.6346770608,27.671186195,0.164790177185,23559.25,23508.7402344,48.3576300046,43.9176940295,1440688.25,5902.10009766,2012
2,SEN,Fatick,79.8953723997,27.4390814732,0.012605400331,34071.4199219,33989.96875,39.4118137726,44.7696027671,715233.4375,8382.390625,2012
3,SEN,Kaffrine,69.1483419726,28.4265148554,0.00277776707986,53347.9183044,53284.640686,37.538420561,45.0498613243,546567.8125,13353.0400391,2012
4,SEN,Kaolack,80.1322577865,27.7697346316,0.0385815503369,25420.5816345,25364.441864,37.1916551661,45.2257107044,923277.9375,6355.0703125,2012
5,SEN,Kolda,92.2268745001,28.3773186129,0.00560534218903,65986.8543261,65894.0700353,34.9213268343,50.2967181884,646990.625,16520.1308594,2012
6,SEN,Louga,51.9331051853,27.9716298578,0.00890463499137,124546.620117,124438.386719,50.0659862409,43.121884706,865618.394531,31153.949707,2012
7,SEN,Matam,58.8327753294,29.499017099,0.00181248382493,139906.9021,139774.453003,47.701897534,44.4800431797,556167.875,35009.3481445,2012
8,SEN,Saint Louis,34.9046957041,28.423556904,0.0149032839781,92489.4511719,92351.5200577,55.5967905684,43.0432793165,854528.375,23027.6015625,2012
9,SEN,Sedhiou,105.014809621,27.6088293197,0.00203776903209,35298.4012756,35246.5962219,31.3008929548,48.5455006881,441649.84375,8650.66015625,2012
10,SEN,Tambacounda,76.4845000451,29.4045744537,0.001544793356,205512.263611,205316.099548,37.3024628893,46.8200649041,671324.102051,51426.8796387,2012
11,SEN,Thies,66.3090000893,26.4243330506,0.163715444313,31942.222168,31870.5822144,41.5861451114,43.3080943434,1704402.75,8000.5,2012
12,SEN,Ziguinchor,114.848078779,26.502206008,0.0112833951356,35323.1210938,35269.1289062,31.9897707959,48.0815387775,531665.375,8553.96972656,2012
13,SEN,Kedougou,105.640229251,29.0488358784,0.00543105738945,80671.4182129,80554.9490967,34.6223694897,52.3038819995,148706.9375,20196.859375,2012
0,CPV,Boa Vista,,,0.065675791648,3090.70996094,3073.0300293,38.4459867754,44.5580888737,10260.2070312,776.079956055,2012
1,CPV,Brava,,,0.064896982736,337.579986572,330.170013428,41.7076851806,42.2100105286,5322.68603516,85.6200027466,2012
2,CPV,Maio,,,0.041866975437,1332.39990234,1320.82006836,49.0627483055,43.7007810914,6571.41992188,335.630004883,2012
3,CPV,Sal,,,0.620555895993,1086.7800293,1073.14001465,40.4418605675,44.9931420832,23040.9726562,275.040008545,2012
4,CPV,São Vicente,18.691666666666663,24.35,0.721347789089,1108.38000488,1095.40002441,39.0959438577,44.0056395469,72483.125,280.229980469,2012
5,CPV,Ribeira Brava,,,0.0154570688928,1115.02001953,1096.43994141,37.8817099328,44.304984214,6901.89746094,283.109985352,2012
6,CPV,Tarrafal de São Nicolau,18.691666666666663,24.35,0.0351334151586,808.930053711,793.059997559,38.520669974,44.2574387008,5082.06835938,206.230010986,2012
7,CPV,Porto Novo,,,0.0281748940314,2749.69995117,2732.50976562,40.0501493897,43.9899680709,6526.15820312,691.679992676,2012
8,CPV,Ribeira Grande,,,0.0647003644774,866.199951172,856.380004883,39.5762499711,44.1909667415,18846.8867188,218.900009155,2012
9,CPV,Paul,,,0.106042570271,254.989990234,249.739990234,35.8184388464,44.2590297945,16456.3613281,65.0099945068,2012
10,CPV,Mosteiros,,,0.0282999903033,411.25,405.960021973,42.6545405536,42.5500106812,5987.58398438,104.169998169,2012
11,CPV,Santa Catarina do Fogo,,,0.0636995195374,737.329956055,729.109985352,41.5351980889,42.4937932261,23273.5546875,186.290008545,2012
12,CPV,São Filipe,,,0.0734414770176,1150.01000977,1140.23999023,42.5475595103,42.4487651845,6993.64013672,290.0,2012
13,CPV,São Miguel,61.93333333333333,21.225,0.0635376621026,380.179992676,373.229980469,38.1578233051,43.4500198364,6875.16699219,96.7299957275,2012
14,CPV,Tarrafal,61.93333333333334,21.225,0.0624590227085,592.16003418,581.690002441,42.1964930421,43.4890002638,27846.515625,150.439987183,2012
15,CPV,Santa Catarina,61.93333333333333,21.225,0.0961407104512,1175.97998047,1161.98999023,40.5395688733,43.3694691583,45711.1523438,297.200012207,2012
16,CPV,Santa Cruz,61.93333333333333,21.225,0.117635120208,545.270019531,537.08001709,46.9882722658,43.3911460503,9057.94140625,138.38999939,2012
17,CPV,São Salvador do Mundo,61.93333333333333,21.225,0.131922303235,126.840003967,123.709991455,39.2025414345,43.3803060078,25364.1601562,32.4500007629,2012
18,CPV,São Lourenço dos Órgãos,61.93333333333334,21.225,0.149963028442,189.209991455,185.329986572,45.3920110845,43.3629570198,118057.757812,48.2600021362,2012
19,CPV,São Domingos,61.93333333333333,21.225,0.0667870160481,718.060058594,706.83001709,45.7359825275,43.3414368162,14600.9804688,182.059997559,2012
20,CPV,Praia,,,3.23854600151,489.469970703,482.66998291,35.5924270757,43.2700080872,14367.8486328,124.020004272,2012
21,CPV,Ribeira Grande de Santiago,61.93333333333333,21.225,0.065390753712,703.540039062,694.140014648,39.0836796017,43.2734433378,11464.3300781,178.119995117,2012
0,NER,Tahoua/Agadez,9.80514652527,28.442255711,0.000885955836445,3576724.34024,3576171.26466,47.4742721096,47.6885001168,3970408.2748,894316.586426,2013
1,NER,Dossa,49.513496357,29.7052189959,0.00268531953554,153317.480774,153183.13916,32.9201808422,51.2821929798,2136577.33594,38362.9892578,2013
2,NER,Niamey,48.6925307859,29.9971242994,2.74355215715,2285.75976562,2272.5300293,31.6196600688,51.1521702062,981467.6875,574.760009766,2013
3,NER,Tillaberi,43.077332857,30.059626661,0.00147741255146,438911.772186,438658.40625,31.9950359554,49.4532487348,2878252.71576,109791.139755,2013
4,NER,Maradi,42.2052718837,29.25087127,0.00459307240283,190083.78787,189949.901815,40.6522649998,53.4658209855,3514669.8125,47554.6605225,2013
5,NER,Zinder/Diffa,23.342657157,28.8656950449,0.0110881465146,1426540.61473,1426156.47429,53.9843826434,52.0489105375,4329002.60128,356728.593674,2013
0,MLI,Bamako,110.426041643,27.6416666713,9.68978141813,1188.15002441,1177.75,26.9419418929,50.6303785601,2194995.25,299.58001709,2013
1,MLI,Gao,21.884776104,30.225025056,5.01521953801e-05,872343.574287,872072.258995,38.0775823169,46.9067411472,651334.01619,218151.976103,2013
2,MLI,Kayes,85.3450756546,29.0733563684,0.00550453991835,590723.906067,590415.349152,39.3667326518,47.6402122994,2300263.50146,147429.001541,2013
3,MLI,Kidal,6.31003841919,29.2209040294,0.000247480284817,744464.852406,744184.012672,54.3126444899,47.7549392714,86331.0948486,186188.27124,2013
4,MLI,Koulikouro,84.9097773243,28.4830524693,0.00986274210978,435992.194809,435670.566193,36.4503527355,49.0159951903,2997880.875,109068.57489,2013
5,MLI,Mopti,46.1247977636,29.0575885915,0.00224461224044,383182.400848,382935.066254,42.468970579,47.7134232217,2312211.71094,95817.2055664,2013
6,MLI,Segou,61.3853199433,28.7024742664,0.0053354190055,298759.081207,298542.653,34.6419151929,48.736710083,2670931.57812,74742.4912109,2013
7,MLI,Sikasso,109.792759973,27.6847190963,0.00798071771123,342550.523868,342236.320195,26.4602306874,54.5556272537,3085271.75,85509.9804688,2013
8,MLI,Tombouctou,8.96416052906,28.7073432659,3.83634347146e-06,2486311.79001,2485819.48661,106.933560451,47.3466990601,799471.874832,621682.012207,2013
0,NGA,Sokoto,50.843320233,29.2984465007,0.024836139437,149187.070007,149014.309692,37.3065528878,52.5280775398,4603360.9375,37295.7321777,2013
1,NGA,Gombe,64.7714804453,27.5320493867,0.0569484700397,79216.0458984,79122.4003906,34.7205774894,57.6189995362,2699768.25,19716.21875,2013
2,NGA,Adamawa,80.184724553,26.9837089112,0.00714788474136,189531.439209,189345.793457,29.9278955675,63.4637338915,4206863.0,47373.6401367,2013
3,NGA,Zamfara,69.2057801845,28.0526833677,0.0144604885838,164158.659576,163997.339447,33.9820961579,54.7687212276,4074248.54443,41078.9839401,2013
4,NGA,Yobe,47.6903148465,28.0998986294,0.00451281218473,219176.711444,219000.134273,47.6777148574,56.200219655,2996522.95312,54821.449707,2013
5,NGA,Borno,50.2987487653,28.3259065813,0.00534428566966,345107.815552,344886.331787,41.2075077253,55.0525111606,5384869.5,86305.8769531,2013
6,NGA,Akwa Ibom,208.007198167,26.4978611966,0.504395612023,32265.0817871,32208.9008789,18.9621428089,68.4409456219,4945483.0,8041.05957031,2013
7,NGA,Bauchi,74.8788909571,27.0489008472,0.0163375580811,236385.909454,236158.149101,38.3141296653,57.6949647394,5814817.96875,59153.0102539,2013
8,NGA,Ogun,91.6728228426,27.2451879365,0.219549614979,78703.6812353,78560.2509718,21.538471283,77.4585540686,5232169.5,19710.5097656,2013
9,NGA,Niger,82.8192354824,27.778018593,0.0280032195896,337252.50153,336967.054863,30.7964982582,70.2248761031,4931414.22766,83771.5409384,2013
10,NGA,Anambra,128.480012728,27.5992334674,0.257063275134,22220.3300781,22167.9589844,27.5903070018,75.0772224783,5016327.0,5567.49023438,2013
11,NGA,Kano,70.7332193577,27.1944319768,0.109658375153,96773.2001343,96640.0216675,42.5141474667,56.3893413906,11792431.0,24090.7304688,2013
12,NGA,Nasarawa,88.9709098484,26.6065664076,0.0275796097396,124333.999023,124193.588867,29.9436771277,71.9223953196,2251186.96875,31118.7509766,2013
13,NGA,Kebbi,76.6169453676,28.630237878,0.0161221747275,177937.972656,177699.670898,31.6185596305,56.6024568426,3915795.13281,43823.9597168,2013
14,NGA,Kaduna,88.8045353174,25.7696913134,0.125070156098,214478.190918,214284.410156,33.6402330952,61.4616494731,7684527.6875,53634.0571289,2013
15,NGA,Katsina,65.6914938446,27.4267023451,0.0381645860354,116188.556396,116044.496582,38.8602831895,55.7297252249,7196623.32812,29059.6501465,2013
16,NGA,Plateau,84.2892179533,26.0954827531,0.047746553453,123471.141479,123341.411255,30.614133248,64.9900644124,3843628.09375,30900.0196533,2013
17,NGA,Edo,120.07556171,26.629021147,1.13162456481,92249.3896484,92129.1904297,18.7089767903,74.7576393924,4055576.75,23091.9199219,2013
18,NGA,Oyo,78.6884307826,27.0468045588,0.0676738480911,130794.812538,130669.649815,28.3540366198,77.7989344825,6969428.41406,32720.4894905,2013
19,NGA,Jigawa,57.6276994625,27.9183055438,0.0320095783531,112368.411102,112180.990707,49.8216787878,57.3530943476,5152990.84961,28138.7783203,2013
20,NGA,Cross River,186.491194262,27.2392699642,0.0235764927207,98984.2597656,98866.7001953,21.9957699147,69.7784439711,3239580.1875,24732.8903809,2013
21,NGA,Taraba,98.1905716563,27.5178866193,0.00313334546212,277984.461258,277778.778625,27.1303333546,69.565904027,2747345.3125,69547.1396484,2013
22,NGA,Rivers,186.909277298,27.328590633,3.95720575888,45543.1912231,45405.2705688,14.9243990046,69.0829767854,6423623.0,11378.0605469,2013
23,NGA,Ekiti,80.2528889047,25.992930113,0.066524550374,27346.0,27295.8378906,22.0080863333,77.5763074452,3031898.5,6848.85009766,2013
24,NGA,Benue,109.811341697,27.335289856,0.0205157536345,145346.890625,145208.359375,22.9304558777,73.5292973995,5120120.4375,36370.9980469,2013
25,NGA,Delta,173.665742537,26.9351953378,3.08964283932,80008.6201172,79871.1279297,15.2264769054,71.5882319896,5068859.5,19947.0,2013
26,NGA,Ondo,106.29169821,26.7431529095,0.0628812855751,71040.4816356,70923.8399315,19.1826301536,75.9944112392,4312104.5,17777.6425781,2013
27,NGA,Osun,83.5560674892,26.5033990495,0.162875793606,40283.4135437,40215.9280701,21.2349688694,77.935802134,4104390.75,10088.0703125,2013
28,NGA,Kwara,80.7676015595,27.3887439066,0.0342289410882,158515.507614,158334.406174,28.5783241153,77.8926611196,2842683.62891,39616.2092896,2013
29,NGA,Imo,159.277850778,27.3912407248,2.11445981651,24179.6308594,24137.8984375,21.1078373358,72.7475307767,4886913.0,6055.16992188,2013
30,NGA,Kogi,80.7952656749,27.4417780578,0.0441311298143,137024.175293,136866.321777,23.5474045659,77.1727029328,3905378.51562,34280.1601562,2013
31,NGA,Abia,166.998714049,27.3126582792,0.276911574875,22611.8393555,22544.0698242,22.9535556851,71.5460552451,3466013.25,5669.9296875,2013
32,NGA,Fct,80.7636284995,26.9262422821,0.902386991993,36129.9068127,36079.5605803,28.6497322199,73.7031666683,2682167.0,9045.6796875,2013
33,NGA,Bayelsa,215.723485698,26.8193049079,1.38584057447,44172.6411133,44092.8007812,12.9568989703,66.7172116106,2042020.375,11028.9501953,2013
34,NGA,Enugu,126.286702188,27.1596429546,0.179936895968,35975.5406494,35909.4685059,24.3202084124,75.8563061254,3919523.0,9010.29980469,2013
35,NGA,Lagos,104.005871198,27.0853219679,2.57892485572,17805.9414062,17747.7207031,21.3504876797,78.8015327254,10871247.0,3939.39013672,2013
36,NGA,Ebonyi,145.09737829,27.2220351448,0.0340176683469,30603.7709885,30537.1996765,23.5954492121,72.9678525418,2754312.5,7667.50976562,2013
0,TGO,Savanes Region,73.1839807056,28.906193199,0.0111330034935,41289.6206055,41206.588623,30.0550601745,64.3404683467,927379.1875,10343.0,2013
1,TGO,Kara Region,90.6623555485,27.138858714,0.0163631143558,54639.9372559,54541.6936035,30.6904500987,74.1294692259,814188.625,13683.8808594,2013
2,TGO,Centrale Region,98.1739385893,26.4699815914,0.0083043096653,62702.7802734,62614.6816406,26.8700176214,78.4708920108,681157.5625,15697.7402344,2013
3,TGO,Plateaux Region,94.2902592117,26.7304813397,0.0088197593853,81204.9233398,81111.0595703,22.3983894826,74.9829909392,1480509.875,20303.1210938,2013
4,TGO,Maritime Region,78.7492617319,27.7133860698,0.299222940883,29811.8588867,29754.0991211,21.9320184922,71.7745043657,2773121.5,7441.43017578,2013
0,GIN,Boke,154.170135734,27.4816523324,0.0075794111414,163525.73877,163264.536804,32.2574159194,55.862363877,1063833.76562,40899.2285156,2013
1,GIN,Conakry,229.616666667,25.95,1.88631116756,2091.11010742,2069.2199707,28.781474688,57.7870184423,1572611.0,521.309997559,2013
2,GIN,Faranah,135.853425184,25.6625484108,0.000573759411146,170058.763674,169815.959845,32.2719799529,60.522321709,913935.263672,42573.0410156,2013
3,GIN,Kankan,146.811361466,26.1900650809,0.00316172583895,341635.41114,341378.612385,31.9152855374,61.6277042557,1896144.21543,85463.9520731,2013
4,GIN,Kindia,176.040336013,26.383331939,0.0113640693981,122010.748789,121834.621602,23.9094297223,56.8381068709,1519799.23783,30536.669209,2013
5,GIN,Labe,124.07432138,25.4209388348,0.00117261337305,108595.558685,108478.479031,29.4403244028,55.8228941834,983345.4375,27174.6796875,2013
6,GIN,Mamou,131.668674745,24.3461255266,0.00511972605576,84745.8813477,84633.0180664,24.3451611233,58.4438570464,722362.5625,21213.7402344,2013
7,GIN,Nzerekore,182.071796188,24.6633812681,0.00214786071343,173211.19751,172984.77417,20.9551556878,65.2470350886,1562856.05469,43359.2427979,2013
0,GNB,Bissau,,,0.652029011652,907.640014648,899.109985352,26.0065082107,51.5327348009,397179.375,116.940002441,2013
1,GNB,Bafatá,99.35936662096776,27.73923451588171,0.000365448342679,28729.609375,28655.7382812,31.8600117862,53.9315046506,219606.546875,7185.95996094,2013
2,GNB,Biombo,97.65,27.55,0.0154875117281,4124.53027344,4104.99023438,27.7245334268,51.2240958057,125251.882812,962.720031738,2013
3,GNB,Bolama,152.53126972310852,26.702564513571225,0.000153212499163,6588.20996094,6354.80029297,29.4549692294,51.7095231912,28749.9238281,1674.62011719,2013
4,GNB,Cacheu,97.33636682265144,27.55729552903624,0.000257438833506,24863.1408691,24800.880127,28.7248557285,49.9506526097,200401.8125,5920.04980469,2013
5,GNB,Gabu,100.8852828015108,27.49924019400236,0.000210952518888,43623.2373047,43534.1479492,37.0369125604,55.0259702759,225672.734375,10926.0996094,2013
6,GNB,Oio,96.74729950950716,27.69705111307985,0.0,27219.0585938,27163.9609375,30.302880888,51.3275069314,232544.9375,6590.5703125,2013
7,GNB,Quinara,147.50465384026896,27.524494241363858,0.0,15505.0791016,15454.0898438,28.4843726976,53.3175386475,61303.0078125,3545.59008789,2013
8,GNB,Tombali,157.890954168146,27.58257125386749,0.000700798477681,17728.8398438,17674.9199219,28.2286328883,54.5776043398,95505.3359375,4277.45996094,2013
0,LBR,Bomi,256.144379777,25.6727713189,0.00165634418732,9028.86035156,8992.41113281,30.6362249339,54.1562278453,88160.84375,2266.4699707,2013
1,LBR,Bong,190.140542847,25.6873063095,0.00206904825037,41117.24086,41027.2099304,18.5148354138,55.9609949164,354529.28125,10301.7304688,2013
2,LBR,Gbarpolu,191.334981053,25.5129875812,0.000104895945359,46506.1293359,46420.9919141,32.1271807413,56.3613038433,94618.234375,11647.7792969,2013
3,LBR,Grand Bassa,243.870212206,25.9888369735,0.00837073141616,37026.3112793,36940.5283203,17.0560796978,54.3120776937,234556.203125,9276.49023438,2013
4,LBR,Grand Cape Mount,235.091849624,25.8327379026,0.000197407287701,22337.7499962,22275.1886063,28.4840712544,55.2810781229,146026.09375,5598.35986328,2013
5,LBR,Grand Gedeh,178.717604721,26.4722577743,0.00108787786459,50590.9820557,50493.9277954,28.8164976291,55.2577326263,144638.4375,12672.2402344,2013
6,LBR,Grand Kru,239.319183302,25.451322395,0.0,18132.5195312,18088.46875,25.4572999377,53.1209175908,56675.0351562,4543.80029297,2013
7,LBR,Lofa,202.966249896,24.6542298332,0.000559673765653,46739.4282227,46639.9689941,26.484265942,60.0328940125,303986.96875,11709.4003906,2013
8,LBR,Margibi,238.810583502,26.2792623612,0.0475993370692,12089.640625,12036.0800781,17.3133053502,54.1058871849,241345.25,3035.7199707,2013
9,LBR,Maryland,230.3476523,25.3464121094,0.00293135943163,10707.5800781,10665.0400391,19.3131024937,53.1624207348,150637.640625,2687.77978516,2013
10,LBR,Montserrado,245.322754232,26.0598943529,0.166803803504,8797.63085938,8744.80957031,19.2873291536,53.775417294,1145189.125,2211.95996094,2013
11,LBR,Nimba,176.665941809,25.7994176884,0.00269797282684,53945.1479568,53842.318058,19.9586574481,57.1843136569,497301.34375,13511.9199219,2013
12,LBR,River Gee,214.777215856,25.7568011511,0.000181778746605,23811.3007812,23749.9902344,20.7270185675,54.0950710398,75175.859375,5967.86962891,2013
13,LBR,Rivercess,234.695512596,25.9728587854,2.92185495538e-05,26086.8789062,26022.6699219,12.2122870946,53.6534064493,80399.59375,6537.79052734,2013
14,LBR,Sinoe,259.948350585,25.6858186938,0.000454249766355,45472.8093262,45403.1600342,21.3968934529,53.0784142817,111072.039062,11385.8398438,2013
0,SLE,Southern,202.317095229,26.4761939433,0.00223489058616,95473.1290894,95291.2891541,21.7097068741,56.8558046133,1331908.5,23902.2480469,2013
1,SLE,Eastern,186.79692391,25.6974749305,0.00569292169888,74258.9509277,74137.6126709,23.6833996331,58.0997854624,1346037.625,18595.21875,2013
2,SLE,Western Area,195.075,26.8,0.315801780454,3275.56005859,3247.8203125,24.8563774716,58.1245958728,1108828.625,825.33996582,2013
3,SLE,Northern,175.728980386,26.4183473964,0.00724685011111,171057.810059,170863.036621,24.2224163383,58.9864364068,2026995.25,42796.2685547,2013
0,BEN,Alibori,86.13630754399578,28.853512725413065,0.00144521966404,126223.022202,126117.910782,30.666698851,58.0855059049,868999.5,31581.7382812,2013
1,BEN,Borgou,88.78182699590492,27.227777704378347,0.010796095929,123690.443886,123579.085693,30.5247072051,71.1522208557,1212093.4024,30949.8393841,2013
2,BEN,Atakora,76.64099214106614,28.058973168476196,0.00452583385859,99567.0976562,99463.8994141,29.9184846479,63.2162837376,838936.5625,24917.6191406,2013
3,BEN,Donga,87.15101044666422,26.86144807156893,0.00988224969448,51530.2109375,51461.6601562,33.2295678335,75.0373367055,540570.75,12900.7998047,2013
4,BEN,Collines,79.83446959888526,27.329030632894195,0.00518139808714,66975.7133789,66901.7185059,29.7020632178,76.9824997605,716317.75,16761.6796875,2013
5,BEN,Plateau,77.97311818087013,27.57692992744189,0.0179738376565,14658.9199219,14614.7001953,23.9320142554,75.0575423472,594482.6875,3675.25976562,2013
6,BEN,Zou,74.58454336353054,27.87482841478279,0.0336638369271,24505.7402344,24465.8007812,25.440909551,75.0508783496,852938.25,6136.90039062,2013
7,BEN,Kouffo,80.4995014927215,27.78843602286913,0.0192859975577,10071.4101562,10034.7597656,25.8251985777,74.1096467226,623743.0,2527.0,2013
8,BEN,Atlantique,77.83898809510016,27.777976190403592,0.219461659626,14682.4101562,14651.6904297,23.8116227815,72.6423441843,1248572.25,3563.2800293,2013
9,BEN,Littoral,,,10.3683365721,344.020019531,337.679992676,20.8691799173,71.8242695363,756699.375,87.5699996948,2013
10,BEN,Mono,77.98361581941238,27.85409604530476,0.0856813617279,9094.12011719,9057.91992188,22.9079769135,72.4889419173,606693.125,2219.43994141,2013
11,BEN,Ouémé,80.1309027448581,27.657638890570443,0.545621003844,6282.25,6256.91992188,24.6818155178,73.1346590215,1069060.5,1531.52001953,2013
0,BFA,Centre,74.2465801912,28.957118089,1.06880465475,13779.5595703,13734.6103516,28.1131844501,50.9501543178,2686635.75,3456.08007812,2013
1,BFA,Boucle du Mouhoun,67.7407350862,28.7227101577,0.00615500325372,165693.285156,165510.396362,28.4546302089,50.5288981251,1670186.95312,41458.2108154,2013
2,BFA,Cascades,100.979876054,27.8669179833,0.00616985336932,88442.5957031,88317.2412109,25.7809720373,60.7695671714,763681.5,22141.8398438,2013
3,BFA,Centre-Est,75.5188562241,29.0304678618,0.0121995397981,70294.0722656,70176.4904785,25.7083566794,55.2696304752,1392139.875,17552.0605469,2013
4,BFA,Centre-Nord,60.7289811842,29.2183825912,0.010231955433,94611.5498047,94502.6884766,31.9818145045,50.0761017125,1444094.75,23678.2011719,2013
5,BFA,Centre-Ouest,76.3749588433,28.4769075323,0.0148219163589,104415.443558,104272.144073,28.6401016864,53.4836710655,1432885.375,26139.640625,2013
6,BFA,Centre-Sud,80.7571569552,28.6548762249,0.00507739598627,55060.940918,54961.090332,26.9863050548,55.138537091,745202.4375,13727.9296875,2013
7,BFA,Est,69.0418676573,29.1591188322,0.00259352676123,223000.843321,222814.936029,27.8406186521,52.869914787,1561470.72656,55739.9174805,2013
8,BFA,Hauts-Bassins,87.6197228275,27.9050745479,0.038505109548,122370.064575,122217.230835,25.9039876258,54.8329377263,1902364.82812,30629.8486328,2013
9,BFA,Nord,63.8024369267,29.2290899991,0.00879357879519,78994.2802734,78891.5449219,34.0939052496,49.4158793897,1364362.125,19763.9707031,2013
10,BFA,Plateau Central,71.1008550932,28.8825965331,0.0097495527221,41304.8790283,41203.770752,27.2055171449,50.8619136355,801112.375,10351.0195312,2013
11,BFA,Sahel,51.6426667613,29.9117535978,0.00509778278053,174510.927002,174345.167725,37.1861302998,49.039305531,1191358.47656,43668.9382324,2013
12,BFA,Sud-Ouest,84.8141751986,27.7422089355,0.00439373715813,77838.2597046,77722.3005371,28.3761055876,61.4194749834,752607.625,19488.7089844,2013
0,CIV,Bas-Sassandra,132.148775374,26.11161875,0.036828817334,132830.353516,132690.60498,20.9657141061,55.6655410001,2212961.85938,33163.3708496,2013
1,CIV,Denguele,134.759218507,26.6060382957,0.0089756898002,98775.8881164,98643.3402209,26.504334318,65.5171415321,278248.71875,24727.109375,2013
2,CIV,District Autonome D'Abidjan,123.51678563,26.9295094528,3.29228100854,10088.9599609,10055.2207031,16.4368693039,57.7293940332,4582689.5,2476.86010742,2013
3,CIV,District Autonome De Yamoussoukro,82.4267403763,26.8305627056,0.743875916134,9782.2890625,9751.37988281,16.7312756743,63.4156223828,347594.78125,2441.89013672,2013
4,CIV,Goh-Djiboua,115.773728121,26.5129506205,0.107610729714,73843.7490234,73747.0512695,14.7255198301,58.9032027996,1561733.0,18456.4902344,2013
5,CIV,Lacs,81.613671333,27.2907270211,0.064748292178,123020.239785,122872.629795,16.5642163731,65.0331984982,1228308.35928,30703.3279591,2013
6,CIV,Montagnes,156.775642593,25.6482978797,0.0180188016467,144606.432617,144447.019287,19.7267886949,59.6488297721,2306070.64062,36177.1293945,2013
7,CIV,Sassandra-Marahoue,122.605258458,26.2005665661,0.0593411217492,112664.632812,112559.115234,20.0958756328,62.2128383969,2231856.25,28080.8203125,2013
8,CIV,Savanes,109.017918709,27.4276956389,0.0566361298977,190434.554688,190193.130493,28.49398575,65.7485863939,1554767.26367,47668.8128662,2013
9,CIV,Valle Du Bandama,89.1652591158,27.0206699659,0.0511594563245,133814.413982,133653.794477,24.0761563754,68.0521326296,1413900.04147,33457.6300297,2013
10,CIV,Woroba,122.534029584,26.1352891267,0.0127597433365,146744.408997,146548.888611,25.0169250656,65.8345857923,816557.40625,36735.8574219,2013
11,CIV,Zanzan,80.475233758,27.1132498045,0.012719743523,180864.632812,180700.786743,27.7629438259,70.4843541446,918992.0,45257.0087891,2013
12,CIV,Lagunes,100.297367325,27.017740292,0.0720766721839,96986.4418945,96829.5788574,16.2089449215,59.9992759295,1459471.5,24018.6601562,2013
13,CIV,Comoe,109.266221283,26.7888199878,0.0914690534471,65952.927002,65814.2583008,21.5049457777,62.5988390007,1168675.25,16165.6796875,2013
0,GMB,Central River,54.6435031183,29.0320010763,0.000719399155763,14416.9804688,14374.4794922,35.4826793487,46.2550327746,221832.3125,3615.08984375,2013
1,GMB,Western Division,91.9019230685,26.4197802146,0.229030533624,9083.49023438,9038.51953125,34.1311075277,46.5719281053,757088.875,2226.75,2013
2,GMB,Greater Banjul Area,95.1,26.2166666667,3.83933686851,410.130004883,404.270019531,34.8183493553,45.8600082397,304788.0625,93.6499938965,2013
3,GMB,North Bank Division,75.5768257805,27.2860265675,0.000410533312192,10405.2597656,10375.2802734,35.396645982,45.9306673306,216394.265625,2565.67993164,2013
4,GMB,Lower River,77.8517868361,27.5204587573,0.0,7221.90966797,7176.07958984,34.2305941831,46.3087474195,79589.09375,1796.34997559,2013
5,GMB,Upper River,70.1636835877,28.9559999192,0.00138895187517,9717.54003906,9687.109375,34.8332469089,47.6979787733,231922.40625,2436.98999023,2013
0,GHA,Western North Region,113.558851764,26.246744749,0.040083792807,48415.5773726,48332.4696474,25.2906263032,64.0061238372,762804.125,12124.8203125,2013
1,GHA,Ahafo Region,102.895496509,26.2690541253,0.0743315500193,23843.3386993,23783.2799072,20.2902258256,66.7574834662,496270.53125,5976.45019531,2013
2,GHA,Bono East Region,105.119463173,27.56922008,0.016420928569,109476.660156,109328.411621,26.7542499156,73.2376388993,960970.8125,26747.6083984,2013
3,GHA,Savannah Region,84.0860688907,28.00445002,0.00697465182636,166309.196838,166096.151855,29.3028823647,74.5796542277,550976.002441,41258.7102051,2013
4,GHA,North East Region,79.5714750369,28.733436545,0.0154778970523,44061.9291992,43937.3720703,28.0315021108,65.4373471981,531655.0,11046.0195312,2013
5,GHA,Oti Region,100.141488511,27.5536597414,0.00993477286118,52202.6530762,52095.5998535,26.148163252,76.6317944149,660235.4375,11775.7607422,2013
6,GHA,Western Region,133.919268159,26.5637970749,0.172805326955,65198.90625,65104.1123047,28.422810756,60.5598961633,1751681.25,16301.5595703,2013
7,GHA,Eastern Region,103.830934182,27.2574130473,0.115460555236,88038.8535156,87949.8291016,22.9012448889,67.7394689488,2781065.75,20454.9609375,2013
8,GHA,Northern Region,80.1360406423,28.4015767473,0.0449729240502,116424.214569,116227.612976,30.2187950847,73.8396136528,1654957.5625,29132.0406494,2013
9,GHA,Central Region,112.520824914,26.8459484547,0.257331287218,47173.230957,47075.5493164,25.8403823811,62.0629308888,2421128.25,11817.0195312,2013
10,GHA,Ashanti Region,118.622621186,26.6532265542,0.230067487194,115828.571777,115677.171387,25.7077470344,67.6485590198,5287767.91992,28953.5327148,2013
11,GHA,Bono Region,88.2694231847,26.7258200654,0.065926241105,55077.0378418,54983.8604431,24.719927771,69.4725582966,1001948.4375,13791.9091797,2013
12,GHA,Volta Region,92.7883441716,27.6132931463,0.132435785326,48727.7495117,48639.690918,22.1915724184,69.9199025813,1804877.0,11508.8994141,2013
13,GHA,Upper West Region,83.0766512237,27.8043466169,0.0171744491207,92748.0527344,92651.9287109,29.6857589185,63.4817144758,745050.3125,23210.0507812,2013
14,GHA,Upper East Region,81.9433700102,28.6830786159,0.0475770781286,41412.2705078,41322.171875,26.7410578202,61.5437473614,1088452.5,10371.6289062,2013
15,GHA,Greater Accra Region,45.9036078804,27.616879833,3.91807913485,15111.0205078,15063.4990234,23.3368823675,64.7007766976,4344791.5,3780.43017578,2013
0,SEN,Dakar,51.7666666667,25.6916666667,5.51660288356,2652.9699707,2630.57006836,37.7266704257,42.9245480414,2912967.25,668.719970703,2013
1,SEN,Diourbel,44.5244891035,28.0128148576,0.180225331663,23559.25,23508.7402344,50.2014823629,43.9101807123,1483429.375,5902.10009766,2013
2,SEN,Fatick,63.2283667942,27.5172372915,0.0136206715282,34071.4199219,33989.96875,40.3651582662,44.7624699825,734070.5,8382.390625,2013
3,SEN,Kaffrine,53.4322525738,28.8121866447,0.00344072769453,53347.9183044,53284.640686,38.6810925487,45.0423636768,562777.0625,13353.0400391,2013
4,SEN,Kaolack,64.3396755424,27.861365106,0.0485828519857,25420.5816345,25364.441864,38.0905917312,45.2180822269,950486.5625,6355.0703125,2013
5,SEN,Kolda,73.9500114287,28.5677523116,0.00780121545493,65986.8543261,65894.0700353,35.3408493709,50.2788243669,666143.5,16520.1308594,2013
6,SEN,Louga,37.1924320059,28.4966175822,0.00942926324508,124546.620117,124438.386719,52.1318957035,43.1091992671,886547.320312,31153.949707,2013
7,SEN,Matam,49.3672894795,29.9513164896,0.00205663431185,139906.9021,139774.453003,51.3351687512,44.4713182998,572061.65625,35009.3481445,2013
8,SEN,Saint Louis,26.5090440629,29.0593157433,0.0170961460813,92489.4511719,92351.5200577,57.5822230071,43.0264982953,879357.0625,23027.6015625,2013
9,SEN,Sedhiou,85.3218750517,27.713414789,0.00234421730414,35298.4012756,35246.5962219,31.6882299949,48.5315905894,454100.4375,8650.66015625,2013
10,SEN,Tambacounda,77.6968232159,29.7521988351,0.00179084345433,205512.263611,205316.099548,38.4025127665,46.8106205275,691119.131836,51426.8796387,2013
11,SEN,Thies,50.4759435014,26.633775973,0.187045217648,31942.222168,31870.5822144,42.1791042827,43.2979026049,1758073.75,8000.5,2013
12,SEN,Ziguinchor,112.627556456,26.5751894307,0.0132633219296,35323.1210938,35269.1289062,32.4336469118,48.0702130477,547420.0625,8553.96972656,2013
13,SEN,Kedougou,101.576480318,29.2056733505,0.00677657270768,80671.4182129,80554.9490967,35.4457698537,52.2882286844,153002.65625,20196.859375,2013
0,CPV,Boa Vista,,,0.0688078703088,3090.70996094,3073.0300293,37.0557197324,44.519560272,11073.6699219,776.079956055,2013
1,CPV,Brava,,,0.0711712613584,337.579986572,330.170013428,45.4866990875,42.1900291443,5202.97851562,85.6200027466,2013
2,CPV,Maio,,,0.0506786080601,1332.39990234,1320.82006836,55.7797479794,43.6708225662,6559.81347656,335.630004883,2013
3,CPV,Sal,,,0.713600010048,1086.7800293,1073.14001465,40.1543931683,44.9466201691,22799.0585938,275.040008545,2013
4,CPV,São Vicente,14.291666666666666,24.8,0.809637918649,1108.38000488,1095.40002441,40.3936878169,43.9657111106,73490.390625,280.229980469,2013
5,CPV,Ribeira Brava,,,0.0235347013813,1115.02001953,1096.43994141,37.1773225274,44.2650557777,6990.91796875,283.109985352,2013
6,CPV,Tarrafal de São Nicolau,14.291666666666666,24.8,0.0469897242026,808.930053711,793.059997559,38.9073712356,44.2175102645,5070.94335938,206.230010986,2013
7,CPV,Porto Novo,,,0.0338939125229,2749.69995117,2732.50976562,41.4607435685,43.9523467573,6421.79882812,691.679992676,2013
8,CPV,Ribeira Grande,,,0.0732380145341,866.199951172,856.380004883,41.0542159813,44.1510969664,19470.3808594,218.900009155,2013
9,CPV,Paul,,,0.121831685969,254.989990234,249.739990234,35.036881168,44.2191013582,16375.0957031,65.0099945068,2013
10,CPV,Mosteiros,,,0.0409837579737,411.25,405.960021973,44.6186073802,42.5300292969,6002.40136719,104.169998169,2013
11,CPV,Santa Catarina do Fogo,,,0.0652403603261,737.329956055,729.109985352,42.8022495387,42.4738118418,23622.203125,186.290008545,2013
12,CPV,São Filipe,,,0.0858741458018,1150.01000977,1140.23999023,44.173197639,42.4287838002,6755.70605469,290.0,2013
13,CPV,São Miguel,54.77499999999999,21.883333333333333,0.0935210683338,380.179992676,373.229980469,38.5576629121,43.4200630188,6804.42919922,96.7299957275,2013
14,CPV,Tarrafal,54.775,21.883333333333336,0.0856774856595,592.16003418,581.690002441,45.1324778829,43.4590431143,29435.7792969,150.439987183,2013
15,CPV,Santa Catarina,54.77499999999999,21.883333333333333,0.128948311262,1175.97998047,1161.98999023,42.400065934,43.3411537002,45282.7851562,297.200012207,2013
16,CPV,Santa Cruz,54.775,21.883333333333333,0.170833826326,545.270019531,537.08001709,53.4545115357,43.3611864253,9022.37695312,138.38999939,2013
17,CPV,São Salvador do Mundo,54.775,21.883333333333336,0.206231211229,126.840003967,123.709991455,40.2787851621,43.357302757,24281.21875,32.4500007629,2013
18,CPV,São Lourenço dos Órgãos,54.775,21.883333333333336,0.191963034605,189.209991455,185.329986572,50.736080198,43.3373012756,121128.421875,48.2600021362,2013
19,CPV,São Domingos,54.775,21.883333333333336,0.102008415049,718.060058594,706.83001709,51.6172564682,43.3149861017,14799.9960938,182.059997559,2013
20,CPV,Praia,,,3.91955068107,489.469970703,482.66998291,35.5677912154,43.2500267029,14381.4824219,124.020004272,2013
21,CPV,Ribeira Grande de Santiago,54.77499999999999,21.883333333333333,0.076128542067,703.540039062,694.140014648,40.6734821909,43.2534619535,11077.4335938,178.119995117,2013
