asdf_id,worldpop_pop_count_1km_mosaic.2020.count,worldpop_pop_count_1km_mosaic.2020.sum,worldpop_pop_count_1km_mosaic.2019.count,worldpop_pop_count_1km_mosaic.2019.sum,worldpop_pop_count_1km_mosaic.2018.count,worldpop_pop_count_1km_mosaic.2018.sum,worldpop_pop_count_1km_mosaic.2017.count,worldpop_pop_count_1km_mosaic.2017.sum,worldpop_pop_count_1km_mosaic.2016.count,worldpop_pop_count_1km_mosaic.2016.sum,worldpop_pop_count_1km_mosaic.2015.count,worldpop_pop_count_1km_mosaic.2015.sum,worldpop_pop_count_1km_mosaic.2014.count,worldpop_pop_count_1km_mosaic.2014.sum,worldpop_pop_count_1km_mosaic.2012.count,worldpop_pop_count_1km_mosaic.2012.sum,worldpop_pop_count_1km_mosaic.2013.count,worldpop_pop_count_1km_mosaic.2013.sum,worldpop_pop_count_1km_mosaic.2011.count,worldpop_pop_count_1km_mosaic.2011.sum,worldpop_pop_count_1km_mosaic.2010.count,worldpop_pop_count_1km_mosaic.2010.sum,viirs_ntl_annual_v20_cf_cvg.2019.sum,viirs_ntl_annual_v20_cf_cvg.2019.count,viirs_ntl_annual_v20_cf_cvg.2020.sum,viirs_ntl_annual_v20_cf_cvg.2020.count,viirs_ntl_annual_v20_cf_cvg.2018.sum,viirs_ntl_annual_v20_cf_cvg.2018.count,viirs_ntl_annual_v20_cf_cvg.2017.sum,viirs_ntl_annual_v20_cf_cvg.2017.count,viirs_ntl_annual_v20_cf_cvg.2013.sum,viirs_ntl_annual_v20_cf_cvg.2013.count,viirs_ntl_annual_v20_cf_cvg.2016.sum,viirs_ntl_annual_v20_cf_cvg.2016.count,viirs_ntl_annual_v20_cf_cvg.2012.sum,viirs_ntl_annual_v20_cf_cvg.2012.count,viirs_ntl_annual_v20_cf_cvg.2015.sum,viirs_ntl_annual_v20_cf_cvg.2015.count,viirs_ntl_annual_v20_cf_cvg.2014.sum,viirs_ntl_annual_v20_cf_cvg.2014.count,viirs_ntl_annual_v20_avg_masked.2019.mean,viirs_ntl_annual_v20_avg_masked.2014.mean,viirs_ntl_annual_v20_avg_masked.2012.mean,viirs_ntl_annual_v20_avg_masked.2016.mean,viirs_ntl_annual_v20_avg_masked.2015.mean,viirs_ntl_annual_v20_avg_masked.2013.mean,viirs_ntl_annual_v20_avg_masked.2017.mean,viirs_ntl_annual_v20_avg_masked.2020.mean,viirs_ntl_annual_v20_avg_masked.2018.mean,udel_precip_v501_mean.2016.mean,udel_precip_v501_mean.2017.mean,udel_precip_v501_mean.2015.mean,udel_precip_v501_mean.2014.mean,udel_precip_v501_mean.2011.mean,udel_precip_v501_mean.2012.mean,udel_precip_v501_mean.2013.mean,udel_precip_v501_mean.2010.mean,udel_air_temp_v501_mean.2017.mean,udel_air_temp_v501_mean.2016.mean,udel_air_temp_v501_mean.2014.mean,udel_air_temp_v501_mean.2013.mean,udel_air_temp_v501_mean.2015.mean,udel_air_temp_v501_mean.2012.mean,udel_air_temp_v501_mean.2011.mean,udel_air_temp_v501_mean.2010.mean,oco2_v10r_xco2_yearly.2020.mean,oco2_v10r_xco2_yearly.2019.mean,oco2_v10r_xco2_yearly.2018.mean,oco2_v10r_xco2_yearly.2017.mean,oco2_v10r_xco2_yearly.2016.mean,oco2_v10r_xco2_yearly.2015.mean,gpw_v4_rev11_count.2020.sum,gpw_v4_rev11_count.2020.count,gpw_v4_rev11_count.2015.sum,gpw_v4_rev11_count.2015.count,gpw_v4_rev11_count.2010.sum,gpw_v4_rev11_count.2010.count,ambient_air_pollution_2013_o3.2013.mean,ambient_air_pollution_2013_o3.2012.mean,ambient_air_pollution_2013_o3.2011.mean,ambient_air_pollution_2013_o3.2010.mean,ambient_air_pollution_2013_fus_calibrated.2013.mean,ambient_air_pollution_2013_fus_calibrated.2012.mean,ambient_air_pollution_2013_fus_calibrated.2011.mean,ambient_air_pollution_2013_fus_calibrated.2010.mean,Level,gqid,id,shapeGroup,shapeID,shapeISO,shapeName,shapeType
0,776.079956055,19079.7773438,776.079956055,17716.2929688,776.079956055,16408.5351562,776.079956055,15120.2382812,776.079956055,13982.8300781,776.079956055,12906.4599609,776.079956055,11959.0087891,776.079956055,10260.2070312,776.079956055,11073.6699219,776.079956055,9463.79785156,776.079956055,8769.48242188,3073.0300293,3090.70996094,3073.0300293,3090.70996094,3073.0300293,3090.70996094,3073.0300293,3090.70996094,3073.0300293,3090.70996094,3073.0300293,3090.70996094,3073.0300293,3090.70996094,3073.0300293,3090.70996094,3073.0300293,3090.70996094,0.158644212398,0.0730898471215,0.065675791648,0.0814202777073,0.0759447167102,0.0688078703088,0.119572597706,0.164462813955,0.144218830067,NA,NA,NA,NA,NA,NA,NA,NA,NA,NA,NA,NA,NA,NA,NA,NA,411.910817076,408.937876979,406.69594696,405.856682036,401.979505301,401.198984957,19623.5429688,775.630004883,13260.7851562,775.630004883,8882.56835938,775.630004883,44.519560272,44.5580888737,44.5966518742,44.6352483702,37.0557197324,38.4459867754,39.9061902348,41.4399752701,ADM1,0,0,CPV,CPV-ADM1-35879248B31395490,CV-BV,Boa Vista,ADM1
1,85.6200027466,4687.58544922,85.6200027466,4780.67285156,85.6200027466,4910.51171875,85.6200027466,4899.20751953,85.6200027466,4960.60253906,85.6200027466,4968.35107422,85.6200027466,5100.86816406,85.6200027466,5322.68603516,85.6200027466,5202.97851562,85.6200027466,5343.67333984,85.6200027466,5403.55957031,330.170013428,337.579986572,330.170013428,337.579986572,330.170013428,337.579986572,330.170013428,337.579986572,330.170013428,337.579986572,330.170013428,337.579986572,330.170013428,337.579986572,330.170013428,337.579986572,330.170013428,337.579986572,0.275834825127,0.118679917917,0.064896982736,0.117369339097,0.142129339534,0.0711712613584,0.239624039527,0.303762384666,0.214211286599,NA,NA,NA,NA,NA,NA,NA,NA,NA,NA,NA,NA,NA,NA,NA,NA,413.063987712,411.052610013,406.886334737,405.824037439,402.384381325,399.797088206,4736.43359375,85.640007019,5030.79394531,85.640007019,5296.62255859,85.640007019,42.1900291443,42.2100105286,42.2299995422,42.25,45.4866990875,41.7076851806,38.24263,35.06545,ADM1,1,1,CPV,CPV-ADM1-35879248B69912584,CV-BR,Brava,ADM1
2,335.630004883,6428.71386719,335.630004883,6446.30957031,335.630004883,6469.12646484,335.630004883,6471.11083984,335.630004883,6502.44238281,335.630004883,6514.765625,335.630004883,6538.41015625,335.630004883,6571.41992188,335.630004883,6559.81347656,335.630004883,6575.42480469,335.630004883,6619.01074219,1320.82006836,1332.39990234,1320.82006836,1332.39990234,1320.82006836,1332.39990234,1320.82006836,1332.39990234,1320.82006836,1332.39990234,1320.82006836,1332.39990234,1320.82006836,1332.39990234,1320.82006836,1332.39990234,1320.82006836,1332.39990234,0.148681640575,0.0556478054385,0.041866975437,0.0796772573039,0.0741506712752,0.0506786080601,0.143584377431,0.175427569185,0.13554576437,NA,NA,NA,NA,NA,NA,NA,NA,NA,NA,NA,NA,NA,NA,NA,NA,412.277724208,409.447705505,408.678882517,406.282146785,404.518703181,400.558079872,6543.33154297,335.429992676,6623.03857422,335.429992676,6644.97119141,335.429992676,43.6708225662,43.7007810914,43.7307590897,43.7607616837,55.7797479794,49.0627483055,43.1711696746,38.0017256154,ADM1,2,2,CPV,CPV-ADM1-35879248B5742389,CV-MA,Maio,ADM1
3,275.040008545,21064.7832031,275.040008545,21328.9121094,275.040008545,21563.2734375,275.040008545,21790.0253906,275.040008545,21955.6054688,275.040008545,22164.8789062,275.040008545,22582.0859375,275.040008545,23040.9726562,275.040008545,22799.0585938,275.040008545,23351.4902344,275.040008545,23655.53125,1073.14001465,1086.7800293,1073.14001465,1086.7800293,1073.14001465,1086.7800293,1073.14001465,1086.7800293,1073.14001465,1086.7800293,1073.14001465,1086.7800293,1073.14001465,1086.7800293,1073.14001465,1086.7800293,1073.14001465,1086.7800293,1.01051919326,0.708622441073,0.620555895993,0.766361929337,0.693238112523,0.713600010048,0.924379859768,0.957289171839,0.980660129926,NA,NA,NA,NA,NA,NA,NA,NA,NA,NA,NA,NA,NA,NA,NA,NA,413.69722611,409.745058774,406.448942233,405.931342022,402.827763168,399.089539471,21759.7714844,274.839996338,22928.8359375,274.839996338,23948.984375,274.839996338,44.9466201691,44.9931420832,45.0397121883,45.0863305395,40.1543931683,40.4418605675,40.7322252982,41.0255175377,ADM1,3,3,CPV,CPV-ADM1-35879248B97918647,CV-SL,Sal,ADM1
4,280.229980469,80236.1640625,280.229980469,79163.8359375,280.229980469,78216.546875,280.229980469,77180.03125,280.229980469,76243.484375,280.229980469,75098.8671875,280.229980469,74292.6875,280.229980469,72483.125,280.229980469,73490.390625,280.229980469,71625.859375,280.229980469,70673.90625,1095.40002441,1108.38000488,1095.40002441,1108.38000488,1095.40002441,1108.38000488,1095.40002441,1108.38000488,1095.40002441,1108.38000488,1095.40002441,1108.38000488,1095.40002441,1108.38000488,1095.40002441,1108.38000488,1095.40002441,1108.38000488,1.6060214367,0.874059207924,0.721347789089,1.0106569876,0.898670973558,0.809637918649,1.25550220323,1.59712198824,1.39856732119,18.916666666666668,17.375,20.758333333333333,18.633333333333333,11.725,18.691666666666666,14.291666666666666,18.975,25.70833333333333,25.383333333333333,24.983333333333334,24.8,25.049999999999997,24.35,24.733333333333334,25.125,413.55124839,409.121815174,408.836381906,405.494872526,403.831233044,399.620841581,82158.8828125,280.260009766,76932.640625,280.260009766,71407.5625,280.260009766,43.9657111106,44.0056395469,44.0456023155,44.085603231,40.3936878169,39.0959438577,37.9317143484,36.8903125274,ADM1,4,4,CPV,CPV-ADM1-35879248B69061656,CV-SV,São Vicente,ADM1
5,283.109985352,7173.94384766,283.109985352,7121.44482422,283.109985352,7094.74560547,283.109985352,7050.90136719,283.109985352,7068.02148438,283.109985352,7020.55078125,283.109985352,6990.01660156,283.109985352,6901.89746094,283.109985352,6990.91796875,283.109985352,6873.36474609,283.109985352,6871.93359375,1096.43994141,1115.02001953,1096.43994141,1115.02001953,1096.43994141,1115.02001953,1096.43994141,1115.02001953,1096.43994141,1115.02001953,1096.43994141,1115.02001953,1096.43994141,1115.02001953,1096.43994141,1115.02001953,1096.43994141,1115.02001953,0.0905159491593,0.0319218815199,0.0154570688928,0.0398760397523,0.0500864918908,0.0235347013813,0.0595020031467,0.0993863566317,0.076297487766,NA,NA,NA,NA,NA,NA,NA,NA,NA,NA,NA,NA,NA,NA,NA,NA,412.451357065,409.907726267,408.102388676,405.66272862,403.711637561,399.680182606,7149.61865234,283.139984131,6982.14697266,283.139984131,6759.03613281,283.139984131,44.2650557777,44.304984214,44.3449469825,44.3849478981,37.1773225274,37.8817099328,38.6261732249,39.4113593619,ADM1,5,5,CPV,CPV-ADM1-35879248B71523199,CV-RB,Ribeira Brava,ADM1
6,206.230010986,4900.56982422,206.230010986,4923.23730469,206.230010986,4958.21679688,206.230010986,4972.26660156,206.230010986,5000.55908203,206.230010986,5029.90722656,206.230010986,5046.8671875,206.230010986,5082.06835938,206.230010986,5070.94335938,206.230010986,5155.18261719,206.230010986,5222.19042969,793.059997559,808.930053711,793.059997559,808.930053711,793.059997559,808.930053711,793.059997559,808.930053711,793.059997559,808.930053711,793.059997559,808.930053711,793.059997559,808.930053711,793.059997559,808.930053711,793.059997559,808.930053711,0.119090177762,0.0509109447673,0.0351334151586,0.0711173909518,0.063897079416,0.0469897242026,0.0909682006503,0.130733498816,0.102177342683,18.916666666666668,17.375,20.758333333333333,18.633333333333333,11.725,18.691666666666666,14.291666666666666,18.975,25.70833333333333,25.383333333333333,24.983333333333334,24.8,25.049999999999997,24.35,24.733333333333334,25.125,411.670942823,409.704939508,407.127647278,405.461216361,402.402651009,398.039650615,5084.31542969,206.210006714,5193.125,206.210006714,5258.61523438,206.210006714,44.2175102645,44.2574387008,44.2974014693,44.3374023848,38.9073712356,38.520669974,38.1938325716,37.9261838163,ADM1,6,6,CPV,CPV-ADM1-35879248B20724366,CV-TS,Tarrafal de São Nicolau,ADM1
7,691.679992676,5679.4296875,691.679992676,5785.23535156,691.679992676,5897.08886719,691.679992676,5986.35058594,691.679992676,6104.08984375,691.679992676,6229.24511719,691.679992676,6325.00488281,691.679992676,6526.15820312,691.679992676,6421.79882812,691.679992676,6629.13476562,691.679992676,6806.50683594,2732.50976562,2749.69995117,2732.50976562,2749.69995117,2732.50976562,2749.69995117,2732.50976562,2749.69995117,2732.50976562,2749.69995117,2732.50976562,2749.69995117,2732.50976562,2749.69995117,2732.50976562,2749.69995117,2732.50976562,2749.69995117,0.0970709548415,0.0444469057515,0.0281748940314,0.0479507942309,0.0551251004861,0.0338939125229,0.0741682082422,0.100826005629,0.0893950706562,NA,NA,NA,NA,NA,NA,NA,NA,NA,NA,NA,NA,NA,NA,NA,NA,414.287463591,410.648919509,410.222466635,405.370049858,404.295136689,401.832127614,5896.34472656,691.710021973,6389.16601562,691.710021973,6870.60839844,691.710021973,43.9523467573,43.9899680709,44.0276202468,44.0653052275,41.4607435685,40.0501493897,38.706368086,37.4257845795,ADM1,7,7,CPV,CPV-ADM1-35879248B75225156,CV-PN,Porto Novo,ADM1
8,218.900009155,23496.5683594,218.900009155,22934.9335938,218.900009155,22328.8164062,218.900009155,21607.3554688,218.900009155,21090.8242188,218.900009155,20601.5820312,218.900009155,20019.7050781,218.900009155,18846.8867188,218.900009155,19470.3808594,218.900009155,18434.9589844,218.900009155,18078.6289062,856.380004883,866.199951172,856.380004883,866.199951172,856.380004883,866.199951172,856.380004883,866.199951172,856.380004883,866.199951172,856.380004883,866.199951172,856.380004883,866.199951172,856.380004883,866.199951172,856.380004883,866.199951172,0.177495302819,0.0919056358205,0.0647003644774,0.0679347391355,0.109783350325,0.0732380145341,0.157502600492,0.174317924449,0.164700004228,NA,NA,NA,NA,NA,NA,NA,NA,NA,NA,NA,NA,NA,NA,NA,NA,414.344759221,409.765686542,409.372467565,405.175570905,404.23998237,400.490312439,24289.7851562,218.809997559,21023.078125,218.809997559,18054.34375,218.809997559,44.1510969664,44.1909667415,44.2308721727,44.2708128114,41.0542159813,39.5762499711,38.2405959966,37.0374090446,ADM1,8,8,CPV,CPV-ADM1-35879248B6924994,CV-RG,Ribeira Grande,ADM1
9,65.0099945068,16317.6347656,65.0099945068,16347.9042969,65.0099945068,16295.0410156,65.0099945068,16420.0429688,65.0099945068,16334.2714844,65.0099945068,16225.6347656,65.0099945068,16391.1777344,65.0099945068,16456.3613281,65.0099945068,16375.0957031,65.0099945068,16572.9648438,65.0099945068,16407.5605469,249.739990234,254.989990234,249.739990234,254.989990234,249.739990234,254.989990234,249.739990234,254.989990234,249.739990234,254.989990234,249.739990234,254.989990234,249.739990234,254.989990234,249.739990234,254.989990234,249.739990234,254.989990234,0.239263236798,0.117709909906,0.106042570271,0.070323309261,0.129308921898,0.121831685969,0.204141582343,0.22381757036,0.225727892195,NA,NA,NA,NA,NA,NA,NA,NA,NA,NA,NA,NA,NA,NA,NA,NA,414.282135172,409.863198584,408.760546789,405.392809899,403.823795055,399.415161548,17447.0605469,65.0,17389.9785156,65.0,17184.375,65.0,44.2191013582,44.2590297945,44.2989959961,44.3389934785,35.036881168,35.8184388464,36.6222394455,37.4488526841,ADM1,9,9,CPV,CPV-ADM1-35879248B14734856,CV-PA,Paul,ADM1
10,104.169998169,6278.64404297,104.169998169,6154.08105469,104.169998169,6101.23925781,104.169998169,6105.92138672,104.169998169,6150.0,104.169998169,6109.83398438,104.169998169,6181.05664062,104.169998169,5987.58398438,104.169998169,6002.40136719,104.169998169,6107.54296875,104.169998169,6013.15478516,405.960021973,411.25,405.960021973,411.25,405.960021973,411.25,405.960021973,411.25,405.960021973,411.25,405.960021973,411.25,405.960021973,411.25,405.960021973,411.25,405.960021973,411.25,0.203849965172,0.0610262569661,0.0282999903033,0.0478074410266,0.0513571282914,0.0409837579737,0.108469472164,0.192334149441,0.207437865929,NA,NA,NA,NA,NA,NA,NA,NA,NA,NA,NA,NA,NA,NA,NA,NA,410.512943007,411.783371755,407.05387711,406.058247653,401.912853371,400.65113449,6651.34716797,104.160003662,6517.45507812,104.160003662,6330.58056641,104.160003662,42.5300292969,42.5500106812,42.5699996948,42.5900001526,44.6186073802,42.6545405536,40.77693,38.98197,ADM1,10,10,CPV,CPV-ADM1-35879248B71256818,CV-MO,Mosteiros,ADM1
11,186.290008545,24387.8652344,186.290008545,24438.8554688,186.290008545,24234.8046875,186.290008545,23823.5917969,186.290008545,23893.0058594,186.290008545,24097.96875,186.290008545,23927.3261719,186.290008545,23273.5546875,186.290008545,23622.203125,186.290008545,23149.5234375,186.290008545,23709.25,729.109985352,737.329956055,729.109985352,737.329956055,729.109985352,737.329956055,729.109985352,737.329956055,729.109985352,737.329956055,729.109985352,737.329956055,729.109985352,737.329956055,729.109985352,737.329956055,729.109985352,737.329956055,0.125549382667,0.362609364565,0.0636995195374,0.0637632632173,0.07211959218,0.0652403603261,0.120148650955,0.113977489535,0.120418028541,NA,NA,NA,NA,NA,NA,NA,NA,NA,NA,NA,NA,NA,NA,NA,NA,410.280105505,411.287351081,407.417756342,406.282363617,402.74232615,400.739829461,23115.0449219,186.38999939,22516.2011719,186.38999939,21746.1367188,186.38999939,42.4738118418,42.4937932261,42.5137822398,42.5337826975,42.8022495387,41.5351980889,40.3149017433,39.1394342179,ADM1,11,11,CPV,CPV-ADM1-35879248B29586349,CV-CF,Santa Catarina do Fogo,ADM1
12,290.0,6479.25048828,290.0,6418.15039062,290.0,6585.84960938,290.0,6867.30175781,290.0,6664.81933594,290.0,6420.54980469,290.0,6435.41992188,290.0,6993.64013672,290.0,6755.70605469,290.0,6918.0625,290.0,6389.54296875,1140.23999023,1150.01000977,1140.23999023,1150.01000977,1140.23999023,1150.01000977,1140.23999023,1150.01000977,1140.23999023,1150.01000977,1140.23999023,1150.01000977,1140.23999023,1150.01000977,1140.23999023,1150.01000977,1140.23999023,1150.01000977,0.224062798205,0.0938146933816,0.0734414770176,0.0997587349033,0.092807090556,0.0858741458018,0.125112913537,0.197186183095,0.203765387448,NA,NA,NA,NA,NA,NA,NA,NA,NA,NA,NA,NA,NA,NA,NA,NA,410.912540083,409.070401651,407.389837899,405.872550149,401.765811603,400.693752363,8163.79785156,289.859985352,8206.51953125,289.859985352,8180.50244141,289.859985352,42.4287838002,42.4487651845,42.4687553193,42.4887557771,44.173197639,42.5475595103,41.0016586426,39.5312519861,ADM1,12,12,CPV,CPV-ADM1-35879248B20031511,CV-SF,São Filipe,ADM1
13,96.7299957275,6588.16064453,96.7299957275,6605.40283203,96.7299957275,6642.50244141,96.7299957275,6719.09472656,96.7299957275,6705.359375,96.7299957275,6765.20019531,96.7299957275,6807.30859375,96.7299957275,6875.16699219,96.7299957275,6804.42919922,96.7299957275,6978.85791016,96.7299957275,6968.30712891,373.229980469,380.179992676,373.229980469,380.179992676,373.229980469,380.179992676,373.229980469,380.179992676,373.229980469,380.179992676,373.229980469,380.179992676,373.229980469,380.179992676,373.229980469,380.179992676,373.229980469,380.179992676,0.364602430331,0.104664573704,0.0635376621026,0.127097544118,0.126806611269,0.0935210683338,0.245799710246,0.286379926907,0.258537991527,52.766666666666666,58.22500000000001,66.13333333333334,56.483333333333334,49.78333333333334,61.93333333333333,54.77499999999999,58.866666666666674,23.041666666666664,22.616666666666667,22.10833333333333,21.883333333333333,22.174999999999997,21.225,21.558333333333334,22.224999999999998,414.62342627,412.499458523,409.46079892,407.838341222,405.041432502,401.641675214,6929.38476562,96.5999984741,7046.29492188,96.5999984741,7116.59667969,96.5999984741,43.4200630188,43.4500198364,43.4799995422,43.5099983215,38.5576629121,38.1578233051,37.76213,37.37054,ADM1,13,13,CPV,CPV-ADM1-35879248B66298696,CV-SM,São Miguel,ADM1
14,150.439987183,43325.1328125,150.439987183,40942.984375,150.439987183,38792.8398438,150.439987183,36638.7851562,150.439987183,34795.09375,150.439987183,32823.7070312,150.439987183,31123.921875,150.439987183,27846.515625,150.439987183,29435.7792969,150.439987183,26480.1601562,150.439987183,25166.4140625,581.690002441,592.16003418,581.690002441,592.16003418,581.690002441,592.16003418,581.690002441,592.16003418,581.690002441,592.16003418,581.690002441,592.16003418,581.690002441,592.16003418,581.690002441,592.16003418,581.690002441,592.16003418,0.440890785209,0.117581165234,0.0624590227085,0.172842383789,0.123879384877,0.0856774856595,0.34329166988,0.436565890719,0.407720099311,52.76666666666667,58.22500000000001,66.13333333333334,56.48333333333334,49.78333333333334,61.93333333333334,54.775,58.866666666666674,23.041666666666668,22.616666666666667,22.108333333333334,21.883333333333336,22.175,21.225,21.558333333333334,22.225,415.171471414,411.623080678,409.206524396,405.832332844,404.442532973,401.591089969,43981.3554688,150.440002441,33397.0585938,150.440002441,25181.7265625,150.440002441,43.4590431143,43.4890002638,43.5189796377,43.5489821211,45.1324778829,42.1964930421,39.4560837693,36.898092951,ADM1,14,14,CPV,CPV-ADM1-35879248B85602848,CV-TA,Tarrafal,ADM1
15,297.200012207,41865.7851562,297.200012207,42394.2265625,297.200012207,42924.1523438,297.200012207,43099.5078125,297.200012207,43747.3203125,297.200012207,44184.9765625,297.200012207,45075.7734375,297.200012207,45711.1523438,297.200012207,45282.7851562,297.200012207,46406.7539062,297.200012207,47002.9453125,1161.98999023,1175.97998047,1161.98999023,1175.97998047,1161.98999023,1175.97998047,1161.98999023,1175.97998047,1161.98999023,1175.97998047,1161.98999023,1175.97998047,1161.98999023,1175.97998047,1161.98999023,1175.97998047,1161.98999023,1175.97998047,0.229331384613,0.147964048784,0.0961407104512,0.151378833602,0.143412988808,0.128948311262,0.203283769468,0.24011240233,0.198758975907,52.766666666666666,58.22500000000001,66.13333333333334,56.483333333333334,49.78333333333334,61.93333333333333,54.77499999999999,58.866666666666674,23.041666666666664,22.616666666666667,22.10833333333333,21.883333333333333,22.174999999999997,21.225,21.558333333333334,22.224999999999998,414.231024276,410.850592039,408.879203583,407.2607559,403.782635206,402.106184858,41458.1132812,297.339996338,43620.0859375,297.339996338,45575.5703125,297.339996338,43.3411537002,43.3694691583,43.3978026692,43.426157341,42.400065934,40.5395688733,38.7977943075,37.1658828273,ADM1,15,15,CPV,CPV-ADM1-35879248B90955179,CV-CA,Santa Catarina,ADM1
16,138.38999939,9824.765625,138.38999939,9599.9609375,138.38999939,9423.28125,138.38999939,9638.8359375,138.38999939,9606.14355469,138.38999939,9188.89257812,138.38999939,9271.06933594,138.38999939,9057.94140625,138.38999939,9022.37695312,138.38999939,9496.27441406,138.38999939,9543.56933594,537.08001709,545.270019531,537.08001709,545.270019531,537.08001709,545.270019531,537.08001709,545.270019531,537.08001709,545.270019531,537.08001709,545.270019531,537.08001709,545.270019531,537.08001709,545.270019531,537.08001709,545.270019531,0.410728709092,0.193888752916,0.117635120208,0.20676917216,0.19417835009,0.170833826326,0.320779297597,0.390843279385,0.34031028557,52.766666666666666,58.22500000000001,66.13333333333334,56.483333333333334,49.78333333333333,61.93333333333333,54.775,58.866666666666674,23.041666666666668,22.616666666666667,22.108333333333334,21.883333333333333,22.175,21.225,21.558333333333334,22.225,414.635440765,412.419687638,408.301397864,407.185954631,405.017104182,401.265510768,10598.7324219,138.269989014,10396.5898438,138.269989014,10112.3701172,138.269989014,43.3611864253,43.3911460503,43.4211257561,43.4511245354,53.4545115357,46.9882722658,41.4580750827,36.7264816059,ADM1,16,16,CPV,CPV-ADM1-35879248B12748988,CV-CR,Santa Cruz,ADM1
17,32.4500007629,27962.3125,32.4500007629,27944.7910156,32.4500007629,27166.8417969,32.4500007629,26954.1855469,32.4500007629,26247.25,32.4500007629,26629.5507812,32.4500007629,25252.3789062,32.4500007629,25364.1601562,32.4500007629,24281.21875,32.4500007629,24121.0039062,32.4500007629,23374.1679688,123.709991455,126.840003967,123.709991455,126.840003967,123.709991455,126.840003967,123.709991455,126.840003967,123.709991455,126.840003967,123.709991455,126.840003967,123.709991455,126.840003967,123.709991455,126.840003967,123.709991455,126.840003967,0.556881208178,0.220000753492,0.131922303235,0.288403117383,0.273449347453,0.206231211229,0.477279747589,0.576043003327,0.453693095867,52.766666666666666,58.225,66.13333333333334,56.483333333333334,49.78333333333334,61.93333333333333,54.775,58.866666666666674,23.041666666666664,22.616666666666667,22.10833333333333,21.883333333333336,22.175,21.225,21.558333333333334,22.225,414.971458999,411.990815002,408.669092372,407.834507603,404.550946746,402.278846977,27018.0566406,32.5,25937.2460938,32.5,24686.0839844,32.5,43.357302757,43.3803060078,43.4033215103,43.4263507682,40.2787851621,39.2025414345,38.1594524445,37.1484398276,ADM1,17,17,CPV,CPV-ADM1-35879248B65148242,CV-SS,São Salvador do Mundo,ADM1
18,48.2600021362,127701.0625,48.2600021362,126126.984375,48.2600021362,125859.65625,48.2600021362,124418.960938,48.2600021362,123524.296875,48.2600021362,121115.703125,48.2600021362,120792.96875,48.2600021362,118057.757812,48.2600021362,121128.421875,48.2600021362,116720.046875,48.2600021362,116654.132812,185.329986572,189.209991455,185.329986572,189.209991455,185.329986572,189.209991455,185.329986572,189.209991455,185.329986572,189.209991455,185.329986572,189.209991455,185.329986572,189.209991455,185.329986572,189.209991455,185.329986572,189.209991455,0.547658764194,0.228293688621,0.149963028442,0.438117461285,0.256618507991,0.191963034605,0.715627102967,0.446335256808,0.571748636944,52.76666666666667,58.22500000000001,66.13333333333334,56.48333333333334,49.78333333333334,61.93333333333334,54.775,58.866666666666674,23.041666666666668,22.616666666666667,22.108333333333334,21.883333333333336,22.175,21.225,21.558333333333334,22.225,415.062900004,412.209422478,408.29545833,407.380781985,405.087068488,401.63092481,128116.078125,48.3600006104,121211.226562,48.3600006104,113674.945312,48.3600006104,43.3373012756,43.3629570198,43.3886269755,43.4143127136,50.736080198,45.3920110845,40.7652506767,36.7526158626,ADM1,18,18,CPV,CPV-ADM1-35879248B47060203,CV-S0,São Lourenço dos Órgãos,ADM1
19,182.059997559,14764.078125,182.059997559,14729.9707031,182.059997559,14720.375,182.059997559,14539.5068359,182.059997559,14592.1484375,182.059997559,14748.5078125,182.059997559,14782.2363281,182.059997559,14600.9804688,182.059997559,14799.9960938,182.059997559,14663.6328125,182.059997559,14459.8935547,706.83001709,718.060058594,706.83001709,718.060058594,706.83001709,718.060058594,706.83001709,718.060058594,706.83001709,718.060058594,706.83001709,718.060058594,706.83001709,718.060058594,706.83001709,718.060058594,706.83001709,718.060058594,0.254891623284,0.101441871668,0.0667870160481,0.107146818911,0.117458859546,0.102008415049,0.160067308221,0.241540011084,0.232674979691,52.766666666666666,58.225,66.13333333333334,56.483333333333334,49.78333333333334,61.93333333333333,54.775,58.866666666666674,23.041666666666664,22.616666666666667,22.10833333333333,21.883333333333336,22.175,21.225,21.558333333333334,22.225,415.154372143,412.96880314,408.00146693,407.13214228,405.461566905,400.838508914,15837.1757812,182.169998169,15419.5273438,182.169998169,14883.8310547,182.169998169,43.3149861017,43.3414368162,43.3679032919,43.3943854448,51.6172564682,45.7359825275,40.6907899266,36.3600317663,ADM1,19,19,CPV,CPV-ADM1-35879248B63533249,CV-SD,São Domingos,ADM1
20,124.020004272,14772.6113281,124.020004272,14649.6992188,124.020004272,14684.1669922,124.020004272,14653.5742188,124.020004272,14543.5029297,124.020004272,14471.6083984,124.020004272,14501.6171875,124.020004272,14367.8486328,124.020004272,14381.4824219,124.020004272,14045.9375,124.020004272,13874.9160156,482.66998291,489.469970703,482.66998291,489.469970703,482.66998291,489.469970703,482.66998291,489.469970703,482.66998291,489.469970703,482.66998291,489.469970703,482.66998291,489.469970703,482.66998291,489.469970703,482.66998291,489.469970703,4.40305817716,4.11488122011,3.23854600151,4.37659742002,4.05881164868,3.91955068107,4.69749491847,3.95941891781,4.67127033204,NA,NA,NA,NA,NA,NA,NA,NA,NA,NA,NA,NA,NA,NA,NA,NA,415.365533663,413.071634434,409.590918517,407.234415871,406.173454742,401.990275774,14975.734375,124.029998779,14582.2949219,124.029998779,14074.7753906,124.029998779,43.2500267029,43.2700080872,43.2900009155,43.3100013733,35.5677912154,35.5924270757,35.61708,35.64175,ADM1,20,20,CPV,CPV-ADM1-35879248B27288583,CV-PR,Praia,ADM1
21,178.119995117,11557.2734375,178.119995117,11653.5,178.119995117,11218.7148438,178.119995117,11050.1923828,178.119995117,11204.3183594,178.119995117,11989.3417969,178.119995117,11496.6933594,178.119995117,11464.3300781,178.119995117,11077.4335938,178.119995117,12150.0224609,178.119995117,12142.5976562,694.140014648,703.540039062,694.140014648,703.540039062,694.140014648,703.540039062,694.140014648,703.540039062,694.140014648,703.540039062,694.140014648,703.540039062,694.140014648,703.540039062,694.140014648,703.540039062,694.140014648,703.540039062,0.174808820349,0.0880098915548,0.065390753712,0.0902389272361,0.103820320882,0.076128542067,0.149675873718,0.168070023356,0.178330558306,52.766666666666666,58.22500000000001,66.13333333333334,56.483333333333334,49.78333333333334,61.93333333333333,54.77499999999999,58.866666666666674,23.041666666666664,22.616666666666667,22.10833333333333,21.883333333333333,22.174999999999997,21.225,21.558333333333334,22.224999999999998,414.968996787,412.346719351,408.521980818,407.728708235,404.257881554,402.194568253,14407.9013672,178.069992065,14076.2109375,178.069992065,13639.2158203,178.069992065,43.2534619535,43.2734433378,43.29343316,43.3134336177,40.6734821909,39.0836796017,37.5747219196,36.1423527704,ADM1,21,21,CPV,CPV-ADM1-35879248B63330031,CV-RS,Ribeira Grande de Santiago,ADM1
